id,symbol,name,priceUsd,marketCapUsd,volumeUsd24Hr,last_updated
bitcoin,BTC,Bitcoin,79112.69999999998,1583935144875.0,21152513475.15652,2026-04-27 02:31:14
ethereum,ETH,Ethereum,2391.99,288685986748.7931,8945431261.478718,2026-04-27 02:31:14
tether,USDT,Tether USDt,1.0003,189821549993.1266,263376644.34707493,2026-04-27 02:31:14
xrp,XRP,XRP,1.4418864949999999,88942685431.78569,1206188978.8295171,2026-04-27 02:31:14
binance-coin,BNB,BNB,638.472842,86057390465.79086,727348279.3347659,2026-04-27 02:31:14
usd-coin,USDC,USDC,0.99966,77762384001.71931,1591989409.184944,2026-04-27 02:31:14
solana,SOL,Solana,87.54,50409996956.76792,2379748333.0157166,2026-04-27 02:31:14
tron,TRX,TRON,0.32355,30667243676.42123,319659843.3941011,2026-04-27 02:31:14
steth,STETH,Lido Staked ETH,2385.02,22321346055.444145,11437055.1066548,2026-04-27 02:31:14
dogecoin,DOGE,Dogecoin,0.10023,15435058809.538774,874552107.262771,2026-04-27 02:31:14
bitcoin,BTC,Bitcoin,77048.5,1542641644256.0,27824032085.06001,2026-04-28 02:29:51
ethereum,ETH,Ethereum,2294.14,276875789660.926,11984588020.22622,2026-04-28 02:29:51
tether,USDT,Tether USDt,1.0,189732931140.392,694907792.6234481,2026-04-28 02:29:51
xrp,XRP,XRP,1.3964,86136853606.45918,1733058346.429092,2026-04-28 02:29:51
binance-coin,BNB,BNB,625.25,84275095059.39998,941476676.4967839,2026-04-28 02:29:51
usd-coin,USDC,USDC,0.9999,77621461659.00569,4487281068.689184,2026-04-28 02:29:51
solana,SOL,Solana,84.3752,48597619080.56048,3020924649.6395006,2026-04-28 02:29:51
tron,TRX,TRON,0.3249,30795472524.119217,452097754.44849765,2026-04-28 02:29:51
steth,STETH,Lido Staked ETH,2288.93,21424049143.59332,8877667.08726479,2026-04-28 02:29:51
dogecoin,DOGE,Dogecoin,0.0992999999999999,16853447539.469303,1150271809.1162512,2026-04-28 02:29:51
bitcoin,BTC,Bitcoin,76474.61166009681,1531179186660.5466,26726604894.103306,2026-04-29 02:30:06
ethereum,ETH,Ethereum,2290.378,276421760386.0324,9545754699.465427,2026-04-29 02:30:06
tether,USDT,Tether USDt,0.99997999,189729134584.43988,628642118.5051081,2026-04-29 02:30:06
xrp,XRP,XRP,1.3811233296,85194513072.34366,1453200076.7293174,2026-04-29 02:30:06
binance-coin,BNB,BNB,624.56,84182073818.65599,728054528.344727,2026-04-29 02:30:06
usd-coin,USDC,USDC,1.0,77549234146.30165,4420650354.9555435,2026-04-29 02:30:06
solana,SOL,Solana,84.09,48433303302.95609,2243774154.1366577,2026-04-29 02:30:06
tron,TRX,TRON,0.3219,30511185527.948887,386854501.1124039,2026-04-29 02:30:06
steth,STETH,Lido Staked ETH,2285.4,21325155127.03409,8472597.84604227,2026-04-29 02:30:06
dogecoin,DOGE,Dogecoin,0.0999749999999999,16969097977.329742,1366602781.6961575,2026-04-29 02:30:06
bitcoin,BTC,Bitcoin,76159.85,1524902676000.6,34166386887.63736,2026-04-30 02:30:50
ethereum,ETH,Ethereum,2263.989107952,273235875349.76047,16275055506.898632,2026-04-30 02:30:50
tether,USDT,Tether USDt,0.9998,189562229525.38,634939667.9022657,2026-04-30 02:30:50
xrp,XRP,XRP,1.378311,85021034682.8791,2009199208.1658196,2026-04-30 02:30:50
binance-coin,BNB,BNB,619.71,83528333896.94429,1017077262.6617692,2026-04-30 02:30:50
usd-coin,USDC,USDC,1.00019,77276872042.91982,4868998290.926049,2026-04-30 02:30:50
solana,SOL,Solana,83.59999999999998,48161024440.56486,3358124383.4728045,2026-04-30 02:30:50
tron,TRX,TRON,0.3237999999999999,30691685832.28129,433988950.09692794,2026-04-30 02:30:50
steth,STETH,Lido Staked ETH,2260.97,20824853496.351368,7514898.825734926,2026-04-30 02:30:50
dogecoin,DOGE,Dogecoin,0.1069699999999999,18158122534.350166,4060460519.498941,2026-04-30 02:30:50
bitcoin,BTC,Bitcoin,76575.1,1533255033764.3,25146183856.85084,2026-05-01 02:36:28
ethereum,ETH,Ethereum,2265.5,273418221594.20325,8092961908.257991,2026-05-01 02:36:28
tether,USDT,Tether USDt,0.9998,189562229525.38,678066445.6383265,2026-05-01 02:36:28
xrp,XRP,XRP,1.3691,84453997192.1248,1402714447.289738,2026-05-01 02:36:28
binance-coin,BNB,BNB,616.8890056000001,83148083314.45265,724482119.9697704,2026-05-01 02:36:28
usd-coin,USDC,USDC,1.0001,77186449770.90897,3820572613.5423784,2026-05-01 02:36:28
solana,SOL,Solana,83.47,48086079512.806496,2118485174.051046,2026-05-01 02:36:28
tron,TRX,TRON,0.3261499999999999,30914546139.483593,411516837.29096246,2026-05-01 02:36:28
steth,STETH,Lido Staked ETH,2261.7904871885476,20637636255.12427,5046026.977966778,2026-05-01 02:36:28
dogecoin,DOGE,Dogecoin,0.1084299999999999,18407307010.614967,1860313669.3261263,2026-05-01 02:36:28
bitcoin,BTC,Bitcoin,78285.53999999998,1567543621062.48,31743581072.002735,2026-05-02 02:12:15
ethereum,ETH,Ethereum,2297.39,277266211823.0857,9323342933.513987,2026-05-02 02:12:15
tether,USDT,Tether USDt,0.99988,189565473838.18033,518951879.16838586,2026-05-02 02:12:15
xrp,XRP,XRP,1.3833056685,85330284890.32893,1394021253.7306848,2026-05-02 02:12:15
binance-coin,BNB,BNB,615.8207505,83004065601.48125,819578968.8430122,2026-05-02 02:12:15
usd-coin,USDC,USDC,1.0,77255000335.93263,3210604460.446529,2026-05-02 02:12:15
solana,SOL,Solana,83.89,48338112219.791504,2354181395.5568366,2026-05-02 02:12:15
tron,TRX,TRON,0.3266999999999999,30967150133.19941,387432004.72556126,2026-05-02 02:12:15
steth,STETH,Lido Staked ETH,2294.61,20852997098.898647,3362881.8573049214,2026-05-02 02:12:15
dogecoin,DOGE,Dogecoin,0.10845,16708327167.812832,1599180089.6550224,2026-05-02 02:12:15
bitcoin,BTC,Bitcoin,78117.89999999998,1564195411125.9,15754534006.914068,2026-05-03 02:27:50
ethereum,ETH,Ethereum,2300.0,277581082556.0906,5132600026.004181,2026-05-03 02:27:50
tether,USDT,Tether USDt,0.9999696141867368,189582463455.2982,186789419.77680865,2026-05-03 02:27:50
xrp,XRP,XRP,1.3823,85420922143.72281,995321825.3089539,2026-05-03 02:27:50
binance-coin,BNB,BNB,615.24,82925762449.78798,616583991.6062733,2026-05-03 02:27:50
usd-coin,USDC,USDC,1.0,77228856191.09665,1423375755.8235977,2026-05-03 02:27:50
solana,SOL,Solana,83.623,48184210865.540695,1522553236.1779284,2026-05-03 02:27:50
tron,TRX,TRON,0.3296999999999999,31252085381.87539,473222723.35409707,2026-05-03 02:27:50
steth,STETH,Lido Staked ETH,2297.220024,20837251470.11596,1901077.2918130255,2026-05-03 02:27:50
dogecoin,DOGE,Dogecoin,0.1072599999999999,16526441287.91622,861661057.0724915,2026-05-03 02:27:50
bitcoin,BTC,Bitcoin,79663.17999999998,1595137357656.7795,21780485317.39099,2026-05-04 02:26:50
ethereum,ETH,Ethereum,2361.89,285050328848.98987,8743014565.542757,2026-05-04 02:26:50
tether,USDT,Tether USDt,0.99996,189580640717.81042,244909536.54944623,2026-05-04 02:26:50
xrp,XRP,XRP,1.4036289344,86738969777.94905,1140281467.8530443,2026-05-04 02:26:50
binance-coin,BNB,BNB,623.1,83985142667.48398,790197041.8636571,2026-05-04 02:26:50
usd-coin,USDC,USDC,1.0,77259776560.50296,1708670576.8265336,2026-05-04 02:26:50
solana,SOL,Solana,84.83,48889798120.10401,2039284014.8916357,2026-05-04 02:26:50
tron,TRX,TRON,0.3378999999999999,32030005422.61486,681514545.4811512,2026-05-04 02:26:50
steth,STETH,Lido Staked ETH,2358.54,21392906693.365986,2893926.6574729886,2026-05-04 02:26:50
dogecoin,DOGE,Dogecoin,0.1118299999999999,17232093417.689754,1158996587.3603632,2026-05-04 02:26:50
bitcoin,BTC,Bitcoin,80411.25999999998,1610116553246.46,41993108593.787895,2026-05-05 02:15:02
ethereum,ETH,Ethereum,2368.52868535,285851534426.7867,17180589181.155544,2026-05-05 02:15:02
tether,USDT,Tether USDt,0.99991999,189559400402.85605,607293652.9887986,2026-05-05 02:15:02
xrp,XRP,XRP,1.3982,86403482124.9752,1964524271.8315833,2026-05-05 02:15:02
binance-coin,BNB,BNB,624.81,84215590600.22278,1479989763.761314,2026-05-05 02:15:02
usd-coin,USDC,USDC,1.0,77874513883.22157,4507187883.682526,2026-05-05 02:15:02
solana,SOL,Solana,84.54999999999998,48728372870.63296,3509817551.911821,2026-05-05 02:15:02
tron,TRX,TRON,0.34072,32297441702.918823,595532002.8045433,2026-05-05 02:15:02
steth,STETH,Lido Staked ETH,2364.63,21427893949.596382,48190323.02011505,2026-05-05 02:15:02
dogecoin,DOGE,Dogecoin,0.11124,17142610875.323368,1762166478.3106987,2026-05-05 02:15:02
bitcoin,BTC,Bitcoin,81284.44,1627738874861.24,33682210197.428036,2026-05-06 02:25:21
ethereum,ETH,Ethereum,2369.2756057424003,285941397881.5973,12769039203.228088,2026-05-06 02:25:21
tether,USDT,Tether USDt,0.999995595438484,189573733271.21503,705731997.3642004,2026-05-06 02:25:21
xrp,XRP,XRP,1.415591025,87478181822.96011,1687489619.0228555,2026-05-06 02:25:21
binance-coin,BNB,BNB,634.2,85481202927.03598,1106310662.6317616,2026-05-06 02:25:21
usd-coin,USDC,USDC,0.99996,78090355853.19566,5188755666.864619,2026-05-06 02:25:21
solana,SOL,Solana,86.754882812,50010783978.01332,3159082666.421079,2026-05-06 02:25:21
tron,TRX,TRON,0.34421205,32628668739.76961,581571377.7199159,2026-05-06 02:25:21
steth,STETH,Lido Staked ETH,2365.399296,21418790752.130314,5205734.818534696,2026-05-06 02:25:21
dogecoin,DOGE,Dogecoin,0.1150199999999999,19533823955.619125,1543445325.9959388,2026-05-06 02:25:21
bitcoin,BTC,Bitcoin,80906.27,1620206147451.86,32658669339.116287,2026-05-07 02:27:48
ethereum,ETH,Ethereum,2317.17,279652811090.7268,16060011825.06264,2026-05-07 02:27:48
tether,USDT,Tether USDt,1.0,189651082316.74588,572396331.2332661,2026-05-07 02:27:48
xrp,XRP,XRP,1.4117,87237731165.66118,2327799350.849229,2026-05-07 02:27:48
binance-coin,BNB,BNB,642.73,86630891721.1342,1703330411.1469407,2026-05-07 02:27:48
usd-coin,USDC,USDC,1.0,78265017945.62186,4767356418.627422,2026-05-07 02:27:48
solana,SOL,Solana,87.937024863,50746946837.441376,4000994611.4213786,2026-05-07 02:27:48
tron,TRX,TRON,0.3456,32760441468.05754,538189277.8714625,2026-05-07 02:27:48
steth,STETH,Lido Staked ETH,2315.43,20885138837.189697,10065348.6994927,2026-05-07 02:27:48
dogecoin,DOGE,Dogecoin,0.1105349999999999,18773756626.34642,1855329352.2172544,2026-05-07 02:27:48
bitcoin,BTC,Bitcoin,79611.36,1594311266182.08,30156306457.76808,2026-05-08 02:35:07
ethereum,ETH,Ethereum,2281.37001464,275331512835.8721,15205628882.294056,2026-05-08 02:35:07
tether,USDT,Tether USDt,0.999959233868454,189707412245.9712,639383550.2653782,2026-05-08 02:35:07
binance-coin,BNB,BNB,638.24,86025670783.0128,917776652.2512078,2026-05-08 02:35:07
xrp,XRP,XRP,1.3849,85581592329.33638,1489866718.7899055,2026-05-08 02:35:07
usd-coin,USDC,USDC,1.0,78361898450.42456,4001175712.2223415,2026-05-08 02:35:07
solana,SOL,Solana,88.18999999999998,50925474402.15504,3142085104.860099,2026-05-08 02:35:07
tron,TRX,TRON,0.3471799999999999,32910483899.544468,438909847.11882937,2026-05-08 02:35:07
steth,STETH,Lido Staked ETH,2279.92,20132413398.53839,9014581.019224418,2026-05-08 02:35:07
dogecoin,DOGE,Dogecoin,0.1065799999999999,18103511802.6308,1119065119.6521575,2026-05-08 02:35:07
bitcoin,BTC,Bitcoin,80398.53,1610108396912.7,25185313561.899437,2026-05-09 02:27:55
ethereum,ETH,Ethereum,2315.48,279448141796.4137,13395396816.81154,2026-05-09 02:27:55
tether,USDT,Tether USDt,0.9999988417696952,189714926464.74567,611724276.7258087,2026-05-09 02:27:55
xrp,XRP,XRP,1.42929,88324726767.56244,1300140446.376379,2026-05-09 02:27:55
binance-coin,BNB,BNB,654.31,88191649098.801,812220368.3905056,2026-05-09 02:27:55
usd-coin,USDC,USDC,0.9999,77989256482.50607,4590987365.273872,2026-05-09 02:27:55
solana,SOL,Solana,93.3983566,53932990386.98831,3429895071.9230947,2026-05-09 02:27:55
tron,TRX,TRON,0.3502,33196925618.475464,515547782.91816336,2026-05-09 02:27:55
steth,STETH,Lido Staked ETH,2313.62,20391413599.8111,3712427.2041875566,2026-05-09 02:27:55
dogecoin,DOGE,Dogecoin,0.1105799999999999,17046846530.11012,835480956.0962659,2026-05-09 02:27:55
bitcoin,BTC,Bitcoin,80738.85,1616967283522.8,14864149852.561804,2026-05-10 02:31:07
ethereum,ETH,Ethereum,2326.08,280726798104.29425,7606429403.142811,2026-05-10 02:31:07
tether,USDT,Tether USDt,0.99997999,189687799638.3361,320263373.0865884,2026-05-10 02:31:07
xrp,XRP,XRP,1.4213,87830974927.9268,953968368.467936,2026-05-10 02:31:07
binance-coin,BNB,BNB,647.425,87263623865.64671,686007618.492044,2026-05-10 02:31:07
usd-coin,USDC,USDC,1.0,77910613808.54515,1649618720.4459891,2026-05-10 02:31:07
solana,SOL,Solana,93.07,53754451494.53118,2123455579.2389245,2026-05-10 02:31:07
tron,TRX,TRON,0.3508499999999999,33259136133.21778,432593436.3309952,2026-05-10 02:31:07
steth,STETH,Lido Staked ETH,2324.61,20450055343.432663,4582746.909341374,2026-05-10 02:31:07
dogecoin,DOGE,Dogecoin,0.10878,16770904824.819458,499278821.6555864,2026-05-10 02:31:07
bitcoin,BTC,Bitcoin,81173.33,1625709013241.25,24150880680.293888,2026-05-11 02:40:25
ethereum,ETH,Ethereum,2345.91,283119911359.8104,13630554953.518528,2026-05-11 02:40:25
tether,USDT,Tether USDt,0.99991999,189676418123.9851,277645545.5276976,2026-05-11 02:40:25
xrp,XRP,XRP,1.4518,89715759797.6248,2525014584.78216,2026-05-11 02:40:25
binance-coin,BNB,BNB,654.32,88192949269.2304,805933405.1075734,2026-05-11 02:40:25
usd-coin,USDC,USDC,1.0,77877214617.89182,2217960949.387215,2026-05-11 02:40:25
solana,SOL,Solana,95.3559342176,55093673390.74046,3567249594.9315066,2026-05-11 02:40:25
tron,TRX,TRON,0.34986,33165937118.17184,393797432.7247946,2026-05-11 02:40:25
steth,STETH,Lido Staked ETH,2346.29,20564078281.061325,5494416.822162725,2026-05-11 02:40:25
dogecoin,DOGE,Dogecoin,0.1098699999999999,18666744143.717243,1141282803.9305496,2026-05-11 02:40:25
bitcoin,BTC,Bitcoin,81204.50999999998,1626372290344.5295,24945274377.585056,2026-05-12 02:33:28
ethereum,ETH,Ethereum,2312.35,279069500086.9936,10217754786.533728,2026-05-12 02:33:28
tether,USDT,Tether USDt,0.99985,189663141609.22668,583230314.4679099,2026-05-12 02:33:28
xrp,XRP,XRP,1.4647,90512931103.1692,1951373295.911564,2026-05-12 02:33:28
binance-coin,BNB,BNB,662.49,89294117265.04771,1035192952.098426,2026-05-12 02:33:28
usd-coin,USDC,USDC,1.0001,77496833930.22035,4566751895.798017,2026-05-12 02:33:28
solana,SOL,Solana,96.47,55748185239.29281,3586177632.5469856,2026-05-12 02:33:28
tron,TRX,TRON,0.3501,33188710316.540157,414809509.55310726,2026-05-12 02:33:28
steth,STETH,Lido Staked ETH,2312.28,20274854183.147514,6282571.06716308,2026-05-12 02:33:28
dogecoin,DOGE,Dogecoin,0.111,18860084717.05028,986297923.2742712,2026-05-12 02:33:28
bitcoin,BTC,Bitcoin,81063.21,1623575474243.52,25540779426.419548,2026-05-13 02:39:47
ethereum,ETH,Ethereum,2295.47,277031915015.023,10211707354.317879,2026-05-13 02:39:47
tether,USDT,Tether USDt,0.9999119054086536,189813471434.24323,576901089.1636239,2026-05-13 02:39:47
binance-coin,BNB,BNB,679.053181539608,91526566759.23523,970930550.3244607,2026-05-13 02:39:47
xrp,XRP,XRP,1.4491,89548909989.48761,1711248250.9923224,2026-05-13 02:39:47
usd-coin,USDC,USDC,1.0,77146215630.3913,3331150965.2217436,2026-05-13 02:39:47
solana,SOL,Solana,95.2957,55069717044.14505,2547128029.53852,2026-05-13 02:39:47
tron,TRX,TRON,0.34925,33108203013.54567,487573631.5664418,2026-05-13 02:39:47
steth,STETH,Lido Staked ETH,2292.3501157084934,20084837168.99751,6039308.39444774,2026-05-13 02:39:47
dogecoin,DOGE,Dogecoin,0.1111499999999999,17140733422.548836,862950485.8582957,2026-05-13 02:39:47
bitcoin,BTC,Bitcoin,79631.573,1594937749617.226,37101076386.41093,2026-05-14 02:40:32
ethereum,ETH,Ethereum,2261.48,272929506479.4992,9969970806.011772,2026-05-14 02:40:32
tether,USDT,Tether USDt,0.99968,189755868095.09464,476594486.6519886,2026-05-14 02:40:32
binance-coin,BNB,BNB,674.2199,90875076606.56128,1006551009.8508255,2026-05-14 02:40:32
xrp,XRP,XRP,1.4309,88424218690.19238,1842916534.066808,2026-05-14 02:40:32
usd-coin,USDC,USDC,1.0001485375568806,76755506253.88467,3857999931.0354815,2026-05-14 02:40:32
solana,SOL,Solana,91.04,52621259661.69228,2905928891.7068124,2026-05-14 02:40:32
tron,TRX,TRON,0.350358,33213414815.165276,428571489.5982403,2026-05-14 02:40:32
steth,STETH,Lido Staked ETH,2261.4,19839789360.099365,2862393.183538848,2026-05-14 02:40:32
dogecoin,DOGE,Dogecoin,0.1139099999999999,17567931090.267864,1537495263.3846302,2026-05-14 02:40:32
bitcoin,BTC,Bitcoin,80923.83,1620858754783.71,35230196537.61458,2026-05-15 02:40:57
ethereum,ETH,Ethereum,2268.3,273752446162.28857,11966619066.01194,2026-05-15 02:40:57
tether,USDT,Tether USDt,0.9999,189838500771.57404,604777744.8125896,2026-05-15 02:40:57
xrp,XRP,XRP,1.482,91582005799.752,3023531923.7836146,2026-05-15 02:40:57
binance-coin,BNB,BNB,678.7486241250001,91485435753.07504,934441350.7266403,2026-05-15 02:40:57
usd-coin,USDC,USDC,0.99999,76622386474.45436,4495841936.214163,2026-05-15 02:40:57
solana,SOL,Solana,91.7891874,53054226958.12201,2761010462.141988,2026-05-15 02:40:57
tron,TRX,TRON,0.3532943,33491992024.509445,508332923.72830176,2026-05-15 02:40:57
steth,STETH,Lido Staked ETH,2267.36,19872377528.281338,3046272.733878336,2026-05-15 02:40:57
dogecoin,DOGE,Dogecoin,0.115745,19671079555.035896,1899940434.7436447,2026-05-15 02:40:57
bitcoin,BTC,Bitcoin,79165.75999999998,1585679960416.96,28856267479.78429,2026-05-16 02:30:40
ethereum,ETH,Ethereum,2228.89,268996015770.76172,11363589332.783415,2026-05-16 02:30:40
tether,USDT,Tether USDt,0.999668599123228,189794567582.7315,578370066.6746917,2026-05-16 02:30:40
binance-coin,BNB,BNB,670.44,90365523173.736,849711494.6630083,2026-05-16 02:30:40
xrp,XRP,XRP,1.4378671845321076,88854764394.7993,1797787112.69515,2026-05-16 02:30:40
usd-coin,USDC,USDC,1.0003,77009872007.86569,4542484658.623601,2026-05-16 02:30:40
solana,SOL,Solana,89.17,51550928074.28139,2304049714.6222568,2026-05-16 02:30:40
tron,TRX,TRON,0.35147817,33319840997.75008,477902550.6433416,2026-05-16 02:30:40
steth,STETH,Lido Staked ETH,2228.82,19531534898.752518,9708818.712626114,2026-05-16 02:30:40
dogecoin,DOGE,Dogecoin,0.1125099999999999,19122819881.87141,1181385934.590336,2026-05-16 02:30:40
bitcoin,BTC,Bitcoin,77891.92999999998,1560202853751.2896,20726045344.061226,2026-05-17 02:38:11
ethereum,ETH,Ethereum,2174.74,262460326043.43448,7783249064.133835,2026-05-17 02:38:11
tether,USDT,Tether USDt,0.9997020179064068,189800912388.9084,187956858.15885568,2026-05-17 02:38:11
binance-coin,BNB,BNB,651.7,87839616413.96202,767337181.613203,2026-05-17 02:38:11
xrp,XRP,XRP,1.4073,87012015619.56598,1216974336.1683247,2026-05-17 02:38:11
usd-coin,USDC,USDC,1.0002,76994624941.42758,1407586070.1783388,2026-05-17 02:38:11
solana,SOL,Solana,86.123835446,49793597310.71474,1857199205.580381,2026-05-17 02:38:11
tron,TRX,TRON,0.3537,33531001155.05932,460124531.587766,2026-05-17 02:38:11
steth,STETH,Lido Staked ETH,2175.21,19239916955.960365,4691669.043089253,2026-05-17 02:38:11
dogecoin,DOGE,Dogecoin,0.108616,18462578432.076515,747596817.3846166,2026-05-17 02:38:11
bitcoin,BTC,Bitcoin,76855.33999999998,1539450349882.6199,19661649676.934814,2026-05-18 02:48:33
ethereum,ETH,Ethereum,2117.53,255555778345.90585,8548384068.823539,2026-05-18 02:48:33
tether,USDT,Tether USDt,0.99956008,189773964414.75607,180829938.81534493,2026-05-18 02:48:33
binance-coin,BNB,BNB,644.94,86928446370.40561,610039762.1642652,2026-05-18 02:48:33
xrp,XRP,XRP,1.3941558675999999,86199326460.3999,1234231868.8622699,2026-05-18 02:48:33
usd-coin,USDC,USDC,1.0003,76972585217.64297,2015135230.2469893,2026-05-18 02:48:33
solana,SOL,Solana,84.95999999999998,49130806014.32079,1902179486.6129177,2026-05-18 02:48:33
tron,TRX,TRON,0.3553399999999999,33687043376.195896,390702997.00494415,2026-05-18 02:48:33
steth,STETH,Lido Staked ETH,2118.05,18758821335.01055,2962115.87526724,2026-05-18 02:48:33
dogecoin,DOGE,Dogecoin,0.1067599999999999,18148559773.793575,844560947.7354971,2026-05-18 02:48:33
bitcoin,BTC,Bitcoin,76735.36999999998,1537106531343.0498,33438914573.48508,2026-05-19 02:45:31
ethereum,ETH,Ethereum,2125.75,256547727596.6504,13057149220.683723,2026-05-19 02:45:31
tether,USDT,Tether USDt,0.9995,189761537600.38397,593323397.4528146,2026-05-19 02:45:31
binance-coin,BNB,BNB,642.46972,86595464044.23291,684735090.2220278,2026-05-19 02:45:31
xrp,XRP,XRP,1.3820333699999998,85449804005.68565,1543259917.7778945,2026-05-19 02:45:31
usd-coin,USDC,USDC,1.00047,76978380752.30751,5435019486.042217,2026-05-19 02:45:31
solana,SOL,Solana,84.91348320000002,49103603860.519165,2249791954.252249,2026-05-19 02:45:31
tron,TRX,TRON,0.3570999999999999,33854001586.546047,560686945.737851,2026-05-19 02:45:31
steth,STETH,Lido Staked ETH,2125.76,18831927407.768867,10805351.636109384,2026-05-19 02:45:31
dogecoin,DOGE,Dogecoin,0.10426,16086863049.365105,945943649.8402184,2026-05-19 02:45:31
bitcoin,BTC,Bitcoin,76608.02594549817,1534588227252.1763,22362707042.496426,2026-05-20 02:46:25
ethereum,ETH,Ethereum,2107.15,254302872563.78308,7993520542.220791,2026-05-20 02:46:25
tether,USDT,Tether USDt,0.99927042,189718050275.99567,553451908.2004993,2026-05-20 02:46:25
binance-coin,BNB,BNB,638.4634199999999,86055447747.62033,530671313.72038347,2026-05-20 02:46:25
xrp,XRP,XRP,1.3509,83524857457.878,1447043746.3826075,2026-05-20 02:46:25
usd-coin,USDC,USDC,1.0006,76926049138.61523,4727009230.318085,2026-05-20 02:46:25
solana,SOL,Solana,84.06856458,48574005883.34146,1591800756.0894575,2026-05-20 02:46:25
tron,TRX,TRON,0.35592,33742262677.1907,405675053.6989114,2026-05-20 02:46:25
steth,STETH,Lido Staked ETH,2108.69999998,18684529171.99677,8949899.097506596,2026-05-20 02:46:25
dogecoin,DOGE,Dogecoin,0.10248,17423787243.611828,486674606.4594391,2026-05-20 02:46:25
bitcoin,BTC,Bitcoin,77973.89999999998,1561986810232.5,23376490073.30603,2026-05-21 02:49:05
ethereum,ETH,Ethereum,2143.07,258637818684.56873,8196417652.42382,2026-05-21 02:49:05
tether,USDT,Tether USDt,0.99933038,189715237267.9096,534328922.2127108,2026-05-21 02:49:05
binance-coin,BNB,BNB,654.5,88216872572.29001,556051834.031146,2026-05-21 02:49:05
xrp,XRP,XRP,1.3825055741,85478999934.43208,1163700702.5166132,2026-05-21 02:49:05
usd-coin,USDC,USDC,1.000625225292458,76395420094.57576,5281515167.749753,2026-05-21 02:49:05
solana,SOL,Solana,86.67,50083327673.61186,2270700728.265447,2026-05-21 02:49:05
tron,TRX,TRON,0.3594467709999999,34076819955.691315,457843782.8636291,2026-05-21 02:49:05
steth,STETH,Lido Staked ETH,2142.9,18986959772.4024,8279161.503240872,2026-05-21 02:49:05
dogecoin,DOGE,Dogecoin,0.10509,16217794231.86358,473736794.9710988,2026-05-21 02:49:05
bitcoin,BTC,Bitcoin,77623.39999999998,1554992157721.2,20624753503.86451,2026-05-22 02:49:35
ethereum,ETH,Ethereum,2137.21,257930510712.45657,8994899360.833069,2026-05-22 02:49:35
tether,USDT,Tether USDt,0.999339665228064,189716999997.5139,505691860.9356322,2026-05-22 02:49:35
binance-coin,BNB,BNB,659.549178,88897398224.76787,633260510.0529714,2026-05-22 02:49:35
xrp,XRP,XRP,1.3727349895499998,84874894018.51016,1300117396.214778,2026-05-22 02:49:35
usd-coin,USDC,USDC,1.0006784240887687,76985139977.79826,3797736608.8685527,2026-05-22 02:49:35
solana,SOL,Solana,87.14,50365279262.74857,2412986832.99383,2026-05-22 02:49:35
tron,TRX,TRON,0.3647240999999999,34577311333.88706,543502185.5386465,2026-05-22 02:49:35
steth,STETH,Lido Staked ETH,2137.23,18932173443.16638,5519693.304674797,2026-05-22 02:49:35
dogecoin,DOGE,Dogecoin,0.105952,16352095179.726332,644701535.5265324,2026-05-22 02:49:35
bitcoin,BTC,Bitcoin,75460.0,1511688972640.0,24327087338.146446,2026-05-23 02:34:31
ethereum,ETH,Ethereum,2065.95,249330391506.59644,9328239030.32653,2026-05-23 02:34:31
tether,USDT,Tether USDt,0.9991,189681992197.24747,493219039.59876853,2026-05-23 02:34:31
binance-coin,BNB,BNB,649.94787,87603233140.68942,690463148.4552135,2026-05-23 02:34:31
xrp,XRP,XRP,1.337575,82700985427.6565,1475354605.4704587,2026-05-23 02:34:31
usd-coin,USDC,USDC,1.0008055703262122,76581711547.80067,4581844205.457131,2026-05-23 02:34:31
solana,SOL,Solana,84.324,48737623477.97523,2264826217.5460443,2026-05-23 02:34:31
tron,TRX,TRON,0.362841864,34399176558.02453,538934298.3534609,2026-05-23 02:34:31
steth,STETH,Lido Staked ETH,2066.3,18307896365.815968,6585933.171880841,2026-05-23 02:34:31
dogecoin,DOGE,Dogecoin,0.10159,17276420099.22917,664278263.5824995,2026-05-23 02:34:31
bitcoin,BTC,Bitcoin,76789.69999999998,1538374825027.3,24281819125.194286,2026-05-24 02:45:49
ethereum,ETH,Ethereum,2121.722043939697,256061170540.73785,11472381883.799559,2026-05-24 02:45:49
tether,USDT,Tether USDt,0.99906078,189542955911.3565,211565813.29228497,2026-05-24 02:45:49
binance-coin,BNB,BNB,656.9,88540251443.852,679284502.7908423,2026-05-24 02:45:49
xrp,XRP,XRP,1.3602520456719132,84142908015.34161,1412892219.6783664,2026-05-24 02:45:49
usd-coin,USDC,USDC,1.00092,76541829406.27174,2141591696.0234768,2026-05-24 02:45:49
solana,SOL,Solana,85.85413224299998,49632205952.587234,2710836210.6479163,2026-05-24 02:45:49
tron,TRX,TRON,0.3623,34348596574.06939,497332351.97674894,2026-05-24 02:45:49
steth,STETH,Lido Staked ETH,2122.3,18854300970.966667,6446729.28711522,2026-05-24 02:45:49
dogecoin,DOGE,Dogecoin,0.1030299999999999,17522927511.23144,778632028.6963203,2026-05-24 02:45:49
bitcoin,BTC,Bitcoin,77120.0,1545020152000.0,18752637760.315567,2026-05-25 02:54:38
ethereum,ETH,Ethereum,2098.160379,253217618284.8802,7418876552.778049,2026-05-25 02:54:38
tether,USDT,Tether USDt,0.9991,189462475965.15536,189930984.82273373,2026-05-25 02:54:38
binance-coin,BNB,BNB,657.2235625,88583834718.26338,519941827.752673,2026-05-25 02:54:38
xrp,XRP,XRP,1.348262,83401223918.4262,940022255.7207991,2026-05-25 02:54:38
usd-coin,USDC,USDC,1.0009,76491070399.60115,2116566810.1334088,2026-05-25 02:54:38
solana,SOL,Solana,85.16017356,49230977158.047325,2053576002.6517928,2026-05-25 02:54:38
tron,TRX,TRON,0.3650722,34612009766.599724,437230775.12152106,2026-05-25 02:54:38
steth,STETH,Lido Staked ETH,2099.41,18621032829.39469,3881030.482462239,2026-05-25 02:54:38
dogecoin,DOGE,Dogecoin,0.1022099999999999,15778922883.278507,422435502.5344858,2026-05-25 02:54:38
bitcoin,BTC,Bitcoin,76660.255,1535849878797.5,16971852522.837095,2026-05-26 02:42:19
ethereum,ETH,Ethereum,2089.51,252173597454.42133,7179374628.108024,2026-05-26 02:42:19
tether,USDT,Tether USDt,0.99939,189518154107.0136,344931573.8273655,2026-05-26 02:42:19
binance-coin,BNB,BNB,658.9,88809733546.87502,677872633.0716021,2026-05-26 02:42:19
xrp,XRP,XRP,1.338514482,82798258818.64076,1044701800.8837112,2026-05-26 02:42:19
usd-coin,USDC,USDC,1.00061,76495066064.70065,3364333943.270994,2026-05-26 02:42:19
solana,SOL,Solana,84.0763990472211,48614413349.34854,1707806963.5694942,2026-05-26 02:42:19
tron,TRX,TRON,0.3746210762999999,35517646996.34769,669160815.8859404,2026-05-26 02:42:19
steth,STETH,Lido Staked ETH,2090.42,18534606439.338196,2404096.8462268994,2026-05-26 02:42:19
dogecoin,DOGE,Dogecoin,0.1008,17146363563.15917,385678574.3619844,2026-05-26 02:42:19
bitcoin,BTC,Bitcoin,75721.86,1517084133338.16,29832405788.29751,2026-05-27 02:53:09
ethereum,ETH,Ethereum,2070.57,249887752605.88275,10463711025.877407,2026-05-27 02:53:09
tether,USDT,Tether USDt,0.9988119500376164,189357449399.60867,804590455.5855522,2026-05-27 02:53:09
binance-coin,BNB,BNB,655.51,88352782877.9841,599528523.3524331,2026-05-27 02:53:09
xrp,XRP,XRP,1.3285,82178779773.9825,1241381726.3945174,2026-05-27 02:53:09
usd-coin,USDC,USDC,1.0011,76609195730.57854,6688262241.734706,2026-05-27 02:53:09
solana,SOL,Solana,83.699154,48396925266.31926,2259523656.1680756,2026-05-27 02:53:09
tron,TRX,TRON,0.3745,35506492793.16453,637139289.1844958,2026-05-27 02:53:09
steth,STETH,Lido Staked ETH,2070.48,18362632415.588406,5574965.787812816,2026-05-27 02:53:09
dogecoin,DOGE,Dogecoin,0.10118,17212440399.947273,533953108.5258472,2026-05-27 02:53:09
bitcoin,BTC,Bitcoin,74169.05,1485997758253.05,28866963842.366188,2026-05-28 02:40:46
ethereum,ETH,Ethereum,2016.28,243335671585.97803,10271413827.510292,2026-05-28 02:40:46
tether,USDT,Tether USDt,0.99874145,189344083813.31873,829201048.7321033,2026-05-28 02:40:46
binance-coin,BNB,BNB,644.5381160700001,86873913686.89256,583715695.9036443,2026-05-28 02:40:46
xrp,XRP,XRP,1.3018,80527162596.741,1394690609.384405,2026-05-28 02:40:46
usd-coin,USDC,USDC,1.0011,76483378000.2267,5583743432.9390545,2026-05-28 02:40:46
solana,SOL,Solana,82.09999999999998,47482006967.588005,2248200952.493828,2026-05-28 02:40:46
tron,TRX,TRON,0.36755511165,34848254627.038635,534281877.24227774,2026-05-28 02:40:46
steth,STETH,Lido Staked ETH,2016.45,17878785081.087578,11236191.734233018,2026-05-28 02:40:46
dogecoin,DOGE,Dogecoin,0.10025,17055372413.439552,588795164.6447611,2026-05-28 02:40:46
bitcoin,BTC,Bitcoin,73365.39999999998,1469941817860.0,30614493595.04699,2026-05-29 02:43:53
ethereum,ETH,Ethereum,2001.97,241608449340.56287,12152441028.454279,2026-05-29 02:43:53
tether,USDT,Tether USDt,0.9989,189374142147.7241,899335104.3880697,2026-05-29 02:43:53
binance-coin,BNB,BNB,635.233401222,85619740510.67026,721301847.9599091,2026-05-29 02:43:53
xrp,XRP,XRP,1.3091,81135194673.1937,1774625352.2025867,2026-05-29 02:43:53
usd-coin,USDC,USDC,1.0009,76282707696.42604,4005300432.7057385,2026-05-29 02:43:53
solana,SOL,Solana,81.79,47301966932.34728,2405101978.1062264,2026-05-29 02:43:53
tron,TRX,TRON,0.3516179264999999,33337696311.479263,922690660.682153,2026-05-29 02:43:53
steth,STETH,Lido Staked ETH,2002.68,17766505101.34622,16128792.732276993,2026-05-29 02:43:53
hyperliquid,HYPE,Hyperliquid,60.743,15422558796.893932,836539347.0474224,2026-05-29 02:43:53
bitcoin,BTC,Bitcoin,73657.8,1475826316223.4,27587915191.56096,2026-05-30 02:38:06
ethereum,ETH,Ethereum,2018.86690572,243647658314.55493,10052234834.368303,2026-05-30 02:38:06
tether,USDT,Tether USDt,0.9991,189412058684.34396,592999107.3555657,2026-05-30 02:38:06
binance-coin,BNB,BNB,654.7415529729936,88249114750.66374,736137109.1346947,2026-05-30 02:38:06
xrp,XRP,XRP,1.3586,84203097916.8902,1870023610.6299615,2026-05-30 02:38:06
usd-coin,USDC,USDC,1.0009001,76154537661.52394,3135253516.413092,2026-05-30 02:38:06
solana,SOL,Solana,82.88631212400001,47945818489.33317,2188225879.4705153,2026-05-30 02:38:06
tron,TRX,TRON,0.3452,32729281630.238167,725589562.0329643,2026-05-30 02:38:06
steth,STETH,Lido Staked ETH,2019.32,17944584139.24888,7902361.514887562,2026-05-30 02:38:06
hyperliquid,HYPE,Hyperliquid,65.34,16587769000.67804,1175062669.0039032,2026-05-30 02:38:06
bitcoin,BTC,Bitcoin,73989.67,1482504603477.81,17143421937.593197,2026-05-31 02:54:54
ethereum,ETH,Ethereum,2029.57,244939148599.69455,5086922450.391429,2026-05-31 02:54:54
tether,USDT,Tether USDt,0.99891,188270278340.4651,217037456.3508092,2026-05-31 02:54:54
binance-coin,BNB,BNB,740.2666483499999,99776546082.51266,2831664618.0273256,2026-05-31 02:54:54
xrp,XRP,XRP,1.3406,83087496737.3642,1207333522.6651096,2026-05-31 02:54:54
usd-coin,USDC,USDC,1.0011,75935762576.31929,1605787066.3086047,2026-05-31 02:54:54
solana,SOL,Solana,83.0526646783,48041974930.605606,1403684516.9420424,2026-05-31 02:54:54
tron,TRX,TRON,0.3456034139999999,32768322713.8473,498772531.5936184,2026-05-31 02:54:54
steth,STETH,Lido Staked ETH,2029.19,17999666095.611233,2939915.2840895685,2026-05-31 02:54:54
hyperliquid,HYPE,Hyperliquid,68.28,17332028962.18725,805028243.5179188,2026-05-31 02:54:54
bitcoin,BTC,Bitcoin,73886.80999999998,1480443634378.8298,17143913234.22494,2026-06-01 03:31:12
ethereum,ETH,Ethereum,2014.32911516172,243099731586.5184,7321144097.235441,2026-06-01 03:31:12
tether,USDT,Tether USDt,0.99886118,188024846235.00677,167523941.58648005,2026-06-01 03:31:12
binance-coin,BNB,BNB,706.62,95241460522.881,1976466104.5548604,2026-06-01 03:31:12
xrp,XRP,XRP,1.3326751991998231,82596334675.13168,1148314825.404569,2026-06-01 03:31:12
usd-coin,USDC,USDC,1.001,75953793260.1906,1394009050.8987083,2026-06-01 03:31:12
solana,SOL,Solana,82.828421504,47922129470.90841,1519940430.1985807,2026-06-01 03:31:12
tron,TRX,TRON,0.3504999999999999,33233181470.49621,408832812.80703944,2026-06-01 03:31:12
hyperliquid,HYPE,Hyperliquid,72.48,18396076270.597065,1044443983.084032,2026-06-01 03:31:12
steth,STETH,Lido Staked ETH,2014.19856,17878488042.19963,6423215.87967151,2026-06-01 03:31:12
bitcoin,BTC,Bitcoin,70924.19862,1421155119568.4263,42039820425.95586,2026-06-02 03:28:17
ethereum,ETH,Ethereum,1999.3531590978,241292212773.57208,13160080329.026148,2026-06-02 03:28:17
tether,USDT,Tether USDt,0.9988269263565468,188023170915.6464,894870444.8656735,2026-06-02 03:28:17
binance-coin,BNB,BNB,693.78950263,93512048016.9123,2187719735.7043977,2026-06-02 03:28:17
xrp,XRP,XRP,1.2845895183,79616087879.012,1632001832.1924798,2026-06-02 03:28:17
usd-coin,USDC,USDC,1.001,75967308984.73982,4899345505.99752,2026-06-02 03:28:17
solana,SOL,Solana,80.84,46751762740.46164,2626702618.518946,2026-06-02 03:28:17
tron,TRX,TRON,0.3428999999999999,32512644727.129345,576397458.3818963,2026-06-02 03:28:17
hyperliquid,HYPE,Hyperliquid,75.479,19152775124.99132,1354185115.2345536,2026-06-02 03:28:17
steth,STETH,Lido Staked ETH,1996.43,17720837602.877472,10349096.990691476,2026-06-02 03:28:17
bitcoin,BTC,Bitcoin,66013.8,1322785316565.6,49239027259.211975,2026-06-03 03:35:53
ethereum,ETH,Ethereum,1836.91,221687507465.77435,18882740090.25928,2026-06-03 03:35:53
tether,USDT,Tether USDt,0.9989,187899871338.58612,971574041.3185017,2026-06-03 03:35:53
binance-coin,BNB,BNB,638.51,86061189606.48697,1471234811.0360546,2026-06-03 03:35:53
usd-coin,USDC,USDC,1.0009,76043646834.1638,5443330603.320321,2026-06-03 03:35:53
xrp,XRP,XRP,1.206783448,74793835445.62518,2414265803.1117053,2026-06-03 03:35:53
solana,SOL,Solana,73.70999999999998,42637021158.486206,3584716149.17638,2026-06-03 03:35:53
tron,TRX,TRON,0.331335734723176,31416221617.107136,744953534.7805885,2026-06-03 03:35:53
hyperliquid,HYPE,Hyperliquid,70.28,17827138704.43689,1228684098.4232554,2026-06-03 03:35:53
steth,STETH,Lido Staked ETH,1836.69999999,16306047323.035332,16835215.105862282,2026-06-03 03:35:53
bitcoin,BTC,Bitcoin,63933.09,1281113378269.14,44263217180.62667,2026-06-04 03:31:19
ethereum,ETH,Ethereum,1794.641415,216586155186.3228,21132448417.028934,2026-06-04 03:31:19
tether,USDT,Tether USDt,0.9991887423466704,187377565200.16925,1076504292.9888003,2026-06-04 03:31:19
binance-coin,BNB,BNB,615.96,83021762978.02081,1549691164.2074432,2026-06-04 03:31:19
usd-coin,USDC,USDC,1.0008,75961498679.91313,5400704553.107944,2026-06-04 03:31:19
xrp,XRP,XRP,1.1991,74317631909.42369,2468188966.1587305,2026-06-04 03:31:19
solana,SOL,Solana,71.03,41086741164.25061,4516097846.229825,2026-06-04 03:31:19
tron,TRX,TRON,0.3323528,31512988166.411728,727852220.0438517,2026-06-04 03:31:19
hyperliquid,HYPE,Hyperliquid,73.18999999999998,18558807710.524616,1102353224.850376,2026-06-04 03:31:19
steth,STETH,Lido Staked ETH,1793.592755,15923621302.098356,18518391.418442704,2026-06-04 03:31:19
bitcoin,BTC,Bitcoin,62754.7,1257522795154.0999,39090158960.98981,2026-06-05 02:53:22
ethereum,ETH,Ethereum,1738.3051899999998,209787222392.01767,17818036470.630177,2026-06-05 02:53:22
tether,USDT,Tether USDt,0.9991,187360923374.5116,887564394.4913743,2026-06-05 02:53:22
binance-coin,BNB,BNB,597.97698536,80597907396.5945,1286555154.5276396,2026-06-05 02:53:22
usd-coin,USDC,USDC,1.0008,75671414092.05365,5040387560.414772,2026-06-05 02:53:22
xrp,XRP,XRP,1.14115,70726015889.78305,2234469378.7746024,2026-06-05 02:53:22
solana,SOL,Solana,67.8,39226385548.717896,4019204871.8501368,2026-06-05 02:53:22
tron,TRX,TRON,0.3271999999999999,31024571062.006756,858840796.7248485,2026-06-05 02:53:22
hyperliquid,HYPE,Hyperliquid,64.419,16330656589.960575,1398965147.8178504,2026-06-05 02:53:22
steth,STETH,Lido Staked ETH,1737.6,15438455703.348692,10316909.946379935,2026-06-05 02:53:22
bitcoin,BTC,Bitcoin,60936.01,1221102005822.87,53568186519.12168,2026-06-06 02:40:08
ethereum,ETH,Ethereum,1575.6,190150583862.66916,30409374857.827328,2026-06-06 02:40:08
tether,USDT,Tether USDt,0.99973,187479067085.57748,1123069535.1820595,2026-06-06 02:40:08
binance-coin,BNB,BNB,576.232,77666975415.32878,1847032082.76498,2026-06-06 02:40:08
usd-coin,USDC,USDC,1.0,75559965894.39635,5805440576.463532,2026-06-06 02:40:08
xrp,XRP,XRP,1.09678,68059477522.328316,3454205701.8533635,2026-06-06 02:40:08
solana,SOL,Solana,63.58,36784803065.03902,6093417171.498305,2026-06-06 02:40:08
tron,TRX,TRON,0.3201999999999999,30361185474.117977,1048415550.1049803,2026-06-06 02:40:08
hyperliquid,HYPE,Hyperliquid,59.61,15101424397.469685,1215962489.7919898,2026-06-06 02:40:08
steth,STETH,Lido Staked ETH,1575.19999999,14027595230.702131,30244139.8163965,2026-06-06 02:40:08
bitcoin,BTC,Bitcoin,61519.36,1232791807224.32,22595047675.62053,2026-06-07 02:58:44
ethereum,ETH,Ethereum,1593.59750144,192322545696.00864,13430250268.505312,2026-06-07 02:58:44
tether,USDT,Tether USDt,0.99983,186927613703.99487,299044484.7128697,2026-06-07 02:58:44
binance-coin,BNB,BNB,579.401636352,78094167499.33688,873526560.0714657,2026-06-07 02:58:44
usd-coin,USDC,USDC,1.00017,75461484103.98833,2115840563.2016048,2026-06-07 02:58:44
xrp,XRP,XRP,1.12,69500369103.20001,1818182284.8709369,2026-06-07 02:58:44
solana,SOL,Solana,63.57,36826411047.7523,3170463923.4302516,2026-06-07 02:58:44
tron,TRX,TRON,0.3240999999999999,30731577602.719475,556192382.0000528,2026-06-07 02:58:44
hyperliquid,HYPE,Hyperliquid,57.88,14679965622.70838,466341928.2294709,2026-06-07 02:58:44
steth,STETH,Lido Staked ETH,1588.3827284261804,14113017925.18925,9170339.55178846,2026-06-07 02:58:44
bitcoin,BTC,Bitcoin,63220.05,1266872082094.35,27440012992.793167,2026-06-08 03:28:06
ethereum,ETH,Ethereum,1682.92971,203103560191.43887,12483686230.606636,2026-06-08 03:28:06
tether,USDT,Tether USDt,0.99970004,186903316460.04297,325391341.75882494,2026-06-08 03:28:06
binance-coin,BNB,BNB,602.7286175839142,81238249815.6904,853489416.5944793,2026-06-08 03:28:06
usd-coin,USDC,USDC,1.0001,75705173204.238,2211950752.4593005,2026-06-08 03:28:06
xrp,XRP,XRP,1.1538,71597790956.493,1716281749.8814285,2026-06-08 03:28:06
solana,SOL,Solana,66.37520295,38451436332.57522,2825451053.1914062,2026-06-08 03:28:06
tron,TRX,TRON,0.3266,30969204127.29392,541263859.3937997,2026-06-08 03:28:06
hyperliquid,HYPE,Hyperliquid,61.48,15602389998.69923,588478536.7631085,2026-06-08 03:28:06
steth,STETH,Lido Staked ETH,1682.7260776829703,14961470297.240671,7079759.184116845,2026-06-08 03:28:06
bitcoin,BTC,Bitcoin,62608.16597,1254610484783.2693,24615430492.13829,2026-06-09 02:39:08
ethereum,ETH,Ethereum,1658.68,200176951524.25177,12397699728.212255,2026-06-09 02:39:08
tether,USDT,Tether USDt,0.99973,186903837193.4325,661453345.9665779,2026-06-09 02:39:08
binance-coin,BNB,BNB,595.85098,80311206022.59378,630980662.2742875,2026-06-09 02:39:08
usd-coin,USDC,USDC,1.0001,76037117270.21169,3729717765.52059,2026-06-09 02:39:08
xrp,XRP,XRP,1.1454,71076538188.219,1630223706.7586455,2026-06-09 02:39:08
solana,SOL,Solana,65.6682554203983,38049646695.60357,2664020088.8191586,2026-06-09 02:39:08
tron,TRX,TRON,0.3249425264999999,30812320783.94511,497022933.4515961,2026-06-09 02:39:08
hyperliquid,HYPE,Hyperliquid,62.083,15752238842.731842,679822751.1632693,2026-06-09 02:39:08
steth,STETH,Lido Staked ETH,1658.56,14779451324.910765,5303828.667161984,2026-06-09 02:39:08
bitcoin,BTC,Bitcoin,61259.87,1227591864538.69,27078687139.810352,2026-06-10 02:52:58
ethereum,ETH,Ethereum,1623.19,195893760738.93817,10297023228.465088,2026-06-10 02:52:58
tether,USDT,Tether USDt,0.99949,186854344537.60947,639871534.8951004,2026-06-10 02:52:58
binance-coin,BNB,BNB,586.86,79099322823.18782,649824181.2278199,2026-06-10 02:52:58
usd-coin,USDC,USDC,1.0004,75097165838.72318,3612597333.8253374,2026-06-10 02:52:58
xrp,XRP,XRP,1.1162,69264564279.457,1431698524.8307133,2026-06-10 02:52:58
solana,SOL,Solana,64.28,37243156132.86346,2595536896.6071057,2026-06-10 02:52:58
tron,TRX,TRON,0.3210999999999999,30448242820.706577,525922111.2168696,2026-06-10 02:52:58
steth,STETH,Lido Staked ETH,1623.23,14467446314.856264,9224120.182306988,2026-06-10 02:52:58
dogecoin,DOGE,Dogecoin,0.083772872225,14267140321.094475,524032077.93334126,2026-06-10 02:52:58
bitcoin,BTC,Bitcoin,62056.4,1243674608486.8,20200474828.93889,2026-06-11 03:25:16
ethereum,ETH,Ethereum,1637.99203272,197679962894.21777,9425546709.183664,2026-06-11 03:25:16
tether,USDT,Tether USDt,0.9991,186763729227.712,569489292.9812596,2026-06-11 03:25:16
binance-coin,BNB,BNB,592.272008,79828739254.65674,587000791.3556277,2026-06-11 03:25:16
usd-coin,USDC,USDC,1.0009,75047071389.08105,3803453050.975204,2026-06-11 03:25:16
xrp,XRP,XRP,1.10647631,68661171382.988174,1543794306.0257044,2026-06-11 03:25:16
solana,SOL,Solana,64.415166,37341949828.43616,3030654787.404864,2026-06-11 03:25:16
tron,TRX,TRON,0.3210999999999999,30448460180.80325,428570274.5676503,2026-06-11 03:25:16
steth,STETH,Lido Staked ETH,1638.19,14606128125.734404,5128030.211067286,2026-06-11 03:25:16
hyperliquid,HYPE,Hyperliquid,54.22,13750761662.896357,706949741.2516484,2026-06-11 03:25:16
bitcoin,BTC,Bitcoin,63400.01,1270632631815.21,21924054769.124847,2026-06-12 03:24:58
ethereum,ETH,Ethereum,1670.01966341,201545195886.7589,8986136681.973793,2026-06-12 03:24:58
tether,USDT,Tether USDt,0.9989,186726342834.11224,542979570.5648321,2026-06-12 03:24:58
binance-coin,BNB,BNB,602.74,81239622649.27621,607771600.8869429,2026-06-12 03:24:58
usd-coin,USDC,USDC,1.0011,74991054498.46112,4354442334.405818,2026-06-12 03:24:58
xrp,XRP,XRP,1.1418341801,70855265153.21407,1331750672.938382,2026-06-12 03:24:58
solana,SOL,Solana,66.75,38695426984.819664,2413366995.1762214,2026-06-12 03:24:58
tron,TRX,TRON,0.3164000945999999,30002998804.768925,711731667.5461798,2026-06-12 03:24:58
hyperliquid,HYPE,Hyperliquid,58.99,14958554888.08683,697239121.2630229,2026-06-12 03:24:58
steth,STETH,Lido Staked ETH,1670.23,14892976769.66613,6122433.993586463,2026-06-12 03:24:58
bitcoin,BTC,Bitcoin,63562.33,1273914819488.74,20433641611.849396,2026-06-13 02:51:57
ethereum,ETH,Ethereum,1665.7,201023810851.87167,7453594285.704835,2026-06-13 02:51:57
tether,USDT,Tether USDt,0.9996,186510059930.9423,826412823.9594835,2026-06-13 02:51:57
binance-coin,BNB,BNB,603.51,81343372670.91539,570037008.230102,2026-06-13 02:51:57
usd-coin,USDC,USDC,1.000293567970675,74893813601.51715,4270627817.4775295,2026-06-13 02:51:57
xrp,XRP,XRP,1.1332,70319480596.202,1198135119.2549987,2026-06-13 02:51:57
solana,SOL,Solana,66.898,38789097958.62711,2440354965.965013,2026-06-13 02:51:57
tron,TRX,TRON,0.3148699999999999,29858291701.60532,511790051.4005402,2026-06-13 02:51:57
hyperliquid,HYPE,Hyperliquid,59.362,15049520672.085043,604672342.2138075,2026-06-13 02:51:57
steth,STETH,Lido Staked ETH,1666.28,14858306759.345213,4695045.144379104,2026-06-13 02:51:57
bitcoin,BTC,Bitcoin,64521.371886277215,1293161079209.6223,14194324524.940176,2026-06-14 03:29:11
ethereum,ETH,Ethereum,1682.6487392,203069180717.85648,4404134328.103155,2026-06-14 03:29:11
tether,USDT,Tether USDt,0.9997,186520664816.6601,269364697.63435304,2026-06-14 03:29:11
binance-coin,BNB,BNB,609.16818,82105972064.85094,449676440.91448504,2026-06-14 03:29:11
usd-coin,USDC,USDC,1.0002,74834128232.66599,1442038049.0273914,2026-06-14 03:29:11
xrp,XRP,XRP,1.1529498838,71545037929.99246,807080009.6292398,2026-06-14 03:29:11
solana,SOL,Solana,68.95117743799999,39979534492.641754,1530173916.5238624,2026-06-14 03:29:11
tron,TRX,TRON,0.3155999999999999,29928107481.54527,364998959.6922683,2026-06-14 03:29:11
hyperliquid,HYPE,Hyperliquid,60.65,15375154473.087805,356043218.4187576,2026-06-14 03:29:11
steth,STETH,Lido Staked ETH,1681.72,14991691964.008266,2988146.218308557,2026-06-14 03:29:11
bitcoin,BTC,Bitcoin,65727.2,1317360410520.0,19257670667.383575,2026-06-15 03:38:34
ethereum,ETH,Ethereum,1720.325,207616016916.542,7125097134.136964,2026-06-15 03:38:34
tether,USDT,Tether USDt,0.9995268596618098,186460873881.80188,406085100.66046447,2026-06-15 03:38:34
binance-coin,BNB,BNB,616.54,83099542231.53421,723930559.9743421,2026-06-15 03:38:34
usd-coin,USDC,USDC,1.0003,74819489812.67134,1878756960.6357007,2026-06-15 03:38:34
xrp,XRP,XRP,1.1863,73614542738.5055,1148944754.959597,2026-06-15 03:38:34
solana,SOL,Solana,71.136353095949,41254922468.43971,1878723207.4997876,2026-06-15 03:38:34
tron,TRX,TRON,0.321047,30445247929.992992,520666118.2336573,2026-06-15 03:38:34
hyperliquid,HYPE,Hyperliquid,64.944,16461872088.57905,510854776.0533989,2026-06-15 03:38:34
steth,STETH,Lido Staked ETH,1720.07,15461860672.859364,4490151.027108355,2026-06-15 03:38:34
bitcoin,BTC,Bitcoin,65978.22,1322417694102.12,24411913324.51729,2026-06-16 03:34:28
ethereum,ETH,Ethereum,1777.11,214469068241.49847,13186003241.443735,2026-06-16 03:34:28
tether,USDT,Tether USDt,0.9996,186474518148.82993,676897550.9702476,2026-06-16 03:34:28
binance-coin,BNB,BNB,613.822,82733171120.30211,907725645.000114,2026-06-16 03:34:28
xrp,XRP,XRP,1.224,75953974805.64,2497428949.7665367,2026-06-16 03:34:28
usd-coin,USDC,USDC,1.0003,74983361374.72174,4680301486.759254,2026-06-16 03:34:28
solana,SOL,Solana,73.43999999999998,42590852833.41222,3111900716.28025,2026-06-16 03:34:28
tron,TRX,TRON,0.317817,30138872243.75556,558840848.6514412,2026-06-16 03:34:28
hyperliquid,HYPE,Hyperliquid,68.878,17457005105.018185,972347733.396496,2026-06-16 03:34:28
steth,STETH,Lido Staked ETH,1775.9937639999998,15977426080.031076,17143404.6981635,2026-06-16 03:34:28
bitcoin,BTC,Bitcoin,65786.31,1318606785155.97,19663472014.351223,2026-06-17 03:32:46
ethereum,ETH,Ethereum,1792.27,216298508872.78464,10471326700.011663,2026-06-17 03:32:46
tether,USDT,Tether USDt,0.9993,186418553407.48877,648899865.7065526,2026-06-17 03:32:46
binance-coin,BNB,BNB,604.60125512,81490336559.1259,900922320.6023328,2026-06-17 03:32:46
xrp,XRP,XRP,1.2151,75401695086.8735,1427448738.88555,2026-06-17 03:32:46
usd-coin,USDC,USDC,1.0006575003765084,74997718680.09233,3328840979.134104,2026-06-17 03:32:46
solana,SOL,Solana,73.735,42770604466.38171,2355977596.148858,2026-06-17 03:32:46
tron,TRX,TRON,0.3170999999999999,30071128010.96987,512986500.0154224,2026-06-17 03:32:46
hyperliquid,HYPE,Hyperliquid,74.9,18980377955.822296,1601406257.9485872,2026-06-17 03:32:46
steth,STETH,Lido Staked ETH,1790.91,16110774113.618158,4556588.802892933,2026-06-17 03:32:46
bitcoin,BTC,Bitcoin,64472.0,1292288437432.0,24913612309.716137,2026-06-18 03:24:35
ethereum,ETH,Ethereum,1751.0991736,211329781005.24048,10318655200.470955,2026-06-18 03:24:35
tether,USDT,Tether USDt,0.9991,186381243579.92795,559094004.518274,2026-06-18 03:24:35
binance-coin,BNB,BNB,598.64,80686823031.04639,822121126.9109753,2026-06-18 03:24:35
usd-coin,USDC,USDC,1.0007,74800517105.78618,4093568498.7639766,2026-06-18 03:24:35
xrp,XRP,XRP,1.1851,73540078057.3235,1577556313.1587555,2026-06-18 03:24:35
solana,SOL,Solana,72.216722546,41889765497.37801,2875853333.67747,2026-06-18 03:24:35
tron,TRX,TRON,0.3210886,30449646379.780544,556361730.8002719,2026-06-18 03:24:35
hyperliquid,HYPE,Hyperliquid,71.929,18224389537.88008,889599528.8370597,2026-06-18 03:24:35
steth,STETH,Lido Staked ETH,1751.39999998,15756097811.301804,7672644.319288362,2026-06-18 03:24:35
bitcoin,BTC,Bitcoin,62657.15,1255944338519.35,24260118171.91495,2026-06-19 03:47:25
ethereum,ETH,Ethereum,1695.18,204581157923.62646,9419695691.570435,2026-06-19 03:47:25
tether,USDT,Tether USDt,0.99905,186294685774.52567,600241047.8309989,2026-06-19 03:47:25
binance-coin,BNB,BNB,577.15683872,77791216382.18782,763765617.1847404,2026-06-19 03:47:25
usd-coin,USDC,USDC,1.0008,74899390430.76694,3995156253.614585,2026-06-19 03:47:25
xrp,XRP,XRP,1.138612594422633,70655353194.57603,1573545329.6063752,2026-06-19 03:47:25
solana,SOL,Solana,68.95,40003002844.38827,2479780286.410359,2026-06-19 03:47:25
tron,TRX,TRON,0.3210999999999999,30451038395.676807,451395459.89791137,2026-06-19 03:47:25
hyperliquid,HYPE,Hyperliquid,66.856,16936020077.001722,798141194.766535,2026-06-19 03:47:25
steth,STETH,Lido Staked ETH,1695.56,15248050075.294804,7496668.709205626,2026-06-19 03:47:25
bitcoin,BTC,Bitcoin,63389.52,1270654592071.68,17964135213.36063,2026-06-20 02:50:47
ethereum,ETH,Ethereum,1706.419766,205937513782.8918,5889919264.343824,2026-06-20 02:50:47
tether,USDT,Tether USDt,0.9992742053119448,186301358253.10233,317430125.3513527,2026-06-20 02:50:47
binance-coin,BNB,BNB,580.40443,78228913664.61226,812900313.5688145,2026-06-20 02:50:47
usd-coin,USDC,USDC,1.0007,74909452105.04872,2191763172.7615447,2026-06-20 02:50:47
xrp,XRP,XRP,1.14,70741447122.9,1147157595.8203948,2026-06-20 02:50:47
solana,SOL,Solana,69.6570437095,40413156846.1317,1815420968.0448625,2026-06-20 02:50:47
tron,TRX,TRON,0.3226999999999999,30603269027.20116,547484390.9402014,2026-06-20 02:50:47
hyperliquid,HYPE,Hyperliquid,68.791,17423852875.824314,603309948.2948595,2026-06-20 02:50:47
steth,STETH,Lido Staked ETH,1705.1376032230182,15335372722.802725,3767564.1097669937,2026-06-20 02:50:47
bitcoin,BTC,Bitcoin,64328.59415955431,1289510284715.1064,14410873906.53504,2026-06-21 03:34:38
ethereum,ETH,Ethereum,1737.07,209636445092.82312,6083347898.507931,2026-06-21 03:34:38
tether,USDT,Tether USDt,0.999,186250236325.47263,140337155.76055944,2026-06-21 03:34:38
binance-coin,BNB,BNB,589.7894343,79493833089.12799,539106989.6942612,2026-06-21 03:34:38
usd-coin,USDC,USDC,1.0009099506549557,74927217340.76422,1351931989.9621763,2026-06-21 03:34:38
xrp,XRP,XRP,1.148499,71268843227.3715,799106528.7728648,2026-06-21 03:34:38
solana,SOL,Solana,73.54999999999998,42680393485.63502,2082027655.460863,2026-06-21 03:34:38
tron,TRX,TRON,0.3265399999999999,30968060353.517464,536159069.33810574,2026-06-21 03:34:38
hyperliquid,HYPE,Hyperliquid,70.09,17752126239.2077,323830022.6454232,2026-06-21 03:34:38
steth,STETH,Lido Staked ETH,1735.2596989115,15659725498.253698,2250172.6045203623,2026-06-21 03:34:38
bitcoin,BTC,Bitcoin,64220.0,1287360734660.0,15700144737.601467,2026-06-22 03:39:07
ethereum,ETH,Ethereum,1736.5279984,209570975047.17105,7068446995.851771,2026-06-22 03:39:07
tether,USDT,Tether USDt,0.99906,186261422525.61377,178339095.88426864,2026-06-22 03:39:07
binance-coin,BNB,BNB,591.5,79724369695.88,528824216.2113831,2026-06-22 03:39:07
usd-coin,USDC,USDC,1.0009,74919130844.98381,1526293935.3170626,2026-06-22 03:39:07
xrp,XRP,XRP,1.1355,70462204568.4675,938474475.2361639,2026-06-22 03:39:07
solana,SOL,Solana,73.84,42848618777.43176,2046374479.0981016,2026-06-22 03:39:07
tron,TRX,TRON,0.3281,31116684440.88877,363051948.762124,2026-06-22 03:39:07
hyperliquid,HYPE,Hyperliquid,67.009,16970807145.8302,309361221.3480937,2026-06-22 03:39:07
steth,STETH,Lido Staked ETH,1736.716311,15681941104.662783,4068431.2433860223,2026-06-22 03:39:07
bitcoin,BTC,Bitcoin,64176.0,1286511564240.0,20092639600.4456,2026-06-23 02:44:28
ethereum,ETH,Ethereum,1730.82,208882068151.9477,9485881465.247831,2026-06-23 02:44:28
tether,USDT,Tether USDt,0.99904082,186156685400.65625,631595348.7893425,2026-06-23 02:44:28
binance-coin,BNB,BNB,591.25,79690552857.29999,602608570.3203107,2026-06-23 02:44:28
usd-coin,USDC,USDC,1.00089,74504717603.42854,3443121029.2435207,2026-06-23 02:44:28
xrp,XRP,XRP,1.128,69996800311.07999,1140264349.1059632,2026-06-23 02:44:28
solana,SOL,Solana,71.92461024,41745590768.10288,2199403777.4646287,2026-06-23 02:44:28
tron,TRX,TRON,0.3335117058,31630349950.658512,552634111.2605615,2026-06-23 02:44:28
hyperliquid,HYPE,Hyperliquid,67.04,16975920314.275007,430482346.55719113,2026-06-23 02:44:28
steth,STETH,Lido Staked ETH,1728.69,15603542173.63312,3903805.1370679294,2026-06-23 02:44:28
bitcoin,BTC,Bitcoin,62706.0,1257068937768.0,23367554142.07089,2026-06-24 02:45:04
ethereum,ETH,Ethereum,1667.0910815999998,201190946353.40176,7768343795.523138,2026-06-24 02:45:04
tether,USDT,Tether USDt,0.9989,186130445647.57172,637679849.385044,2026-06-24 02:45:04
binance-coin,BNB,BNB,578.4028573175256,77958951975.46957,653263625.6781721,2026-06-24 02:45:04
usd-coin,USDC,USDC,1.00095,74233126010.22617,3540437711.9866586,2026-06-24 02:45:04
xrp,XRP,XRP,1.107784034135333,68742320766.99783,1171623011.974826,2026-06-24 02:45:04
solana,SOL,Solana,69.67846272,40441494742.47034,2131314561.0422463,2026-06-24 02:45:04
tron,TRX,TRON,0.329,31202667717.433712,461193839.2866992,2026-06-24 02:45:04
hyperliquid,HYPE,Hyperliquid,62.212,15751505231.074663,487520468.27501166,2026-06-24 02:45:04
steth,STETH,Lido Staked ETH,1667.41,15056339728.216127,3217262.6996616805,2026-06-24 02:45:04
bitcoin,BTC,Bitcoin,60774.32,1218381141635.92,32556412587.96785,2026-06-25 02:45:31
ethereum,ETH,Ethereum,1615.63170056,194980547251.84457,10479742599.71164,2026-06-25 02:45:31
tether,USDT,Tether USDt,0.99874,186100631981.2352,617640666.9860197,2026-06-25 02:45:31
binance-coin,BNB,BNB,565.6664999999999,76242275362.85931,853582067.522556,2026-06-25 02:45:31
usd-coin,USDC,USDC,1.0012,73897755652.88536,4065009324.9664726,2026-06-25 02:45:31
xrp,XRP,XRP,1.07045,66425598309.39324,1669997406.6580915,2026-06-25 02:45:31
solana,SOL,Solana,67.67151340568577,39284594597.015785,2835972186.3033967,2026-06-25 02:45:31
tron,TRX,TRON,0.3275,31060930291.266,649291958.0801741,2026-06-25 02:45:31
hyperliquid,HYPE,Hyperliquid,63.2,15996986118.128986,599374946.8364083,2026-06-25 02:45:31
steth,STETH,Lido Staked ETH,1616.08,14647473587.089771,5748178.430432049,2026-06-25 02:45:31
bitcoin,BTC,Bitcoin,58689.8,1176622089939.4,31211922058.170807,2026-06-26 02:49:53
tether,USDT,Tether USDt,0.99874,186100631981.2352,714472611.0693628,2026-06-26 02:49:53
ethereum,ETH,Ethereum,1529.99,184644864350.33752,11606100711.04014,2026-06-26 02:49:53
binance-coin,BNB,BNB,553.3,74575454870.06998,898113189.2892097,2026-06-26 02:49:53
usd-coin,USDC,USDC,1.00109,73790033558.58482,5145157641.603353,2026-06-26 02:49:53
xrp,XRP,XRP,1.01735,63321398982.76675,1770039365.930072,2026-06-26 02:49:53
solana,SOL,Solana,66.44,38569640716.319336,3128584855.945175,2026-06-26 02:49:53
tron,TRX,TRON,0.3221399999999999,30552955099.27135,646054554.5686901,2026-06-26 02:49:53
hyperliquid,HYPE,Hyperliquid,61.74,15623558743.436968,580068261.8481486,2026-06-26 02:49:53
steth,STETH,Lido Staked ETH,1531.96,13884332424.040316,4920475.391030665,2026-06-26 02:49:53
bitcoin,BTC,Bitcoin,60230.9,1207547450283.3,27815971719.706776,2026-06-27 02:40:30
ethereum,ETH,Ethereum,1582.868052,191026383666.57492,10017117160.756939,2026-06-27 02:40:30
tether,USDT,Tether USDt,0.9989,186130445647.57172,618358188.8767558,2026-06-27 02:40:30
binance-coin,BNB,BNB,567.1943853,76448116558.69618,859447693.1659677,2026-06-27 02:40:30
usd-coin,USDC,USDC,1.00113,73856663492.21002,4815334916.688171,2026-06-27 02:40:30
xrp,XRP,XRP,1.0627,66144051407.0735,1804480391.0907204,2026-06-27 02:40:30
solana,SOL,Solana,72.0,41805759741.50589,3758381826.022688,2026-06-27 02:40:30
tron,TRX,TRON,0.3208162767117413,30427803581.584488,483289643.07363176,2026-06-27 02:40:30
hyperliquid,HYPE,Hyperliquid,64.198,16242289791.684061,578351239.8992138,2026-06-27 02:40:30
steth,STETH,Lido Staked ETH,1582.09,14368125841.664696,5508999.112501658,2026-06-27 02:40:30
bitcoin,BTC,Bitcoin,60119.69,1205349223840.71,13139402324.190592,2026-06-28 02:55:13
ethereum,ETH,Ethereum,1571.9364415714597,189706811943.51868,4314971994.002517,2026-06-28 02:55:13
tether,USDT,Tether USDt,0.9988,186111812106.11136,138866124.07525927,2026-06-28 02:55:13
binance-coin,BNB,BNB,557.770436,75177893828.95917,558055408.151726,2026-06-28 02:55:13
usd-coin,USDC,USDC,1.0011,73848250495.0918,1433907478.7763047,2026-06-28 02:55:13
xrp,XRP,XRP,1.0468752753331465,65159096667.384834,940552350.1052704,2026-06-28 02:55:13
solana,SOL,Solana,70.7377411775941,41072796396.16063,1551449984.606919,2026-06-28 02:55:13
tron,TRX,TRON,0.3219938203263335,30540019407.70352,339779468.26862365,2026-06-28 02:55:13
hyperliquid,HYPE,Hyperliquid,61.946,15671979322.107588,259305464.2662064,2026-06-28 02:55:13
steth,STETH,Lido Staked ETH,1572.28,14290224573.836773,3550344.03872154,2026-06-28 02:55:13
bitcoin,BTC,Bitcoin,59698.78,1196934390934.3599,15096438947.309452,2026-06-29 02:55:41
ethereum,ETH,Ethereum,1576.047792,190202951527.18408,5075386107.481285,2026-06-29 02:55:41
tether,USDT,Tether USDt,0.9988,186111812106.11136,191301943.16940564,2026-06-29 02:55:41
binance-coin,BNB,BNB,553.712034,74630868795.83551,592776278.9878081,2026-06-29 02:55:41
usd-coin,USDC,USDC,1.0012,73839890410.36206,1958158400.93356,2026-06-29 02:55:41
xrp,XRP,XRP,1.046110666,65111506228.84342,962576200.7310967,2026-06-29 02:55:41
solana,SOL,Solana,72.01881656,41826205221.56065,1925015230.5486703,2026-06-29 02:55:41
tron,TRX,TRON,0.3218696999999999,30528858821.745216,386095745.6146453,2026-06-29 02:55:41
hyperliquid,HYPE,Hyperliquid,62.493,15809466303.459116,266305721.85248983,2026-06-29 02:55:41
steth,STETH,Lido Staked ETH,1575.99,14319105275.038168,2477308.1515735975,2026-06-29 02:55:41
bitcoin,BTC,Bitcoin,59999.0,1202976950050.0,23480291786.70477,2026-06-30 02:49:32
ethereum,ETH,Ethereum,1592.5,192188802853.55624,8221275136.28865,2026-06-30 02:49:32
tether,USDT,Tether USDt,0.9987373811362164,186100143994.16623,826997490.8249086,2026-06-30 02:49:32
binance-coin,BNB,BNB,556.738,75038692025.64464,680249610.2889547,2026-06-30 02:49:32
usd-coin,USDC,USDC,1.0011,73877791818.21562,5065212410.354101,2026-06-30 02:49:32
xrp,XRP,XRP,1.0508,65403377452.294,1342004268.1846,2026-06-30 02:49:32
solana,SOL,Solana,74.65999999999998,43360061396.57819,3495396404.843684,2026-06-30 02:49:32
tron,TRX,TRON,0.3199252874999999,30344744871.37691,511592357.8192116,2026-06-30 02:49:32
hyperliquid,HYPE,Hyperliquid,65.985,16691291013.271255,501675774.9315856,2026-06-30 02:49:32
steth,STETH,Lido Staked ETH,1592.5616562491243,14497486354.878048,4180561.0622459142,2026-06-30 02:49:32
bitcoin,BTC,Bitcoin,59044.07,1183861236124.76,26161388258.247334,2026-07-01 02:55:04
ethereum,ETH,Ethereum,1584.81663764,191261546204.35156,20610357492.802284,2026-07-01 02:55:04
tether,USDT,Tether USDt,0.9988,184446621414.5005,641093253.7902832,2026-07-01 02:55:04
binance-coin,BNB,BNB,549.44876052,74056193102.87225,1120511349.10612,2026-07-01 02:55:04
usd-coin,USDC,USDC,1.0011,73514725688.52992,4958018596.471185,2026-07-01 02:55:04
xrp,XRP,XRP,1.04543985,65069753628.87288,1199032648.0042543,2026-07-01 02:55:04
solana,SOL,Solana,74.76,43427973752.46867,7340766710.039346,2026-07-01 02:55:04
tron,TRX,TRON,0.315448,29920432599.121517,483449577.83881027,2026-07-01 02:55:04
hyperliquid,HYPE,Hyperliquid,65.277,16509041188.605707,415124930.2351993,2026-07-01 02:55:04
steth,STETH,Lido Staked ETH,1584.34,14472940057.2061,4329993.358150857,2026-07-01 02:55:04
bitcoin,BTC,Bitcoin,60362.30652,1210311026513.5527,30142285852.70034,2026-07-02 02:45:11
ethereum,ETH,Ethereum,1622.29,195783970474.91095,7824251331.46743,2026-07-02 02:45:11
tether,USDT,Tether USDt,0.99915,184511255292.64932,575652129.0782423,2026-07-02 02:45:11
binance-coin,BNB,BNB,551.126,74282232667.6342,701580109.0125188,2026-07-02 02:45:11
usd-coin,USDC,USDC,1.0008,73376095475.8593,4380215806.611336,2026-07-02 02:45:11
xrp,XRP,XRP,1.06,65975999333.3,1185785626.5793478,2026-07-02 02:45:11
solana,SOL,Solana,78.45,45571418968.34158,3509303487.7788806,2026-07-02 02:45:11
tron,TRX,TRON,0.3165999999999999,30029737524.565865,414842245.4531763,2026-07-02 02:45:11
hyperliquid,HYPE,Hyperliquid,62.952,15919263964.751112,420493857.19385016,2026-07-02 02:45:11
steth,STETH,Lido Staked ETH,1620.51,14806968508.861946,5321486.024929503,2026-07-02 02:45:11
bitcoin,BTC,Bitcoin,61520.0,1233553084560.0,30535199338.580666,2026-07-03 02:27:52
ethereum,ETH,Ethereum,1710.2559999999999,206399418410.4772,9624531116.239069,2026-07-03 02:27:52
tether,USDT,Tether USDt,0.99905704435617,184116046219.57184,626759438.6089183,2026-07-03 02:27:52
binance-coin,BNB,BNB,561.1,75626526252.81401,718342884.1688045,2026-07-03 02:27:52
usd-coin,USDC,USDC,1.0009130794919,73276841959.78009,3914068914.185046,2026-07-03 02:27:52
xrp,XRP,XRP,1.092,67967727615.060005,1333652334.5004375,2026-07-03 02:27:52
solana,SOL,Solana,81.427872,47310768253.11297,3165311842.438604,2026-07-03 02:27:52
tron,TRX,TRON,0.3171999999999999,30087039588.666264,380480423.2117503,2026-07-03 02:27:52
hyperliquid,HYPE,Hyperliquid,67.047,16951459302.148333,355149301.20444876,2026-07-03 02:27:52
steth,STETH,Lido Staked ETH,1709.95,15631811878.951029,3457717.7383797886,2026-07-03 02:27:52
bitcoin,BTC,Bitcoin,62447.86,1252188439619.98,21536211688.1688,2026-07-04 02:25:46
ethereum,ETH,Ethereum,1747.0079775,210834626251.83505,6746938974.01132,2026-07-04 02:25:46
tether,USDT,Tether USDt,0.9992,184135956083.23883,413362269.8403882,2026-07-04 02:25:46
binance-coin,BNB,BNB,571.73841417,77060375339.48865,555700422.5336668,2026-07-04 02:25:46
usd-coin,USDC,USDC,1.00075,73064287200.97638,2815764456.189149,2026-07-04 02:25:46
xrp,XRP,XRP,1.1331,70525853626.9455,1359585766.5012271,2026-07-04 02:25:46
solana,SOL,Solana,81.99540569999998,47640450605.48364,1784802244.6510928,2026-07-04 02:25:46
tron,TRX,TRON,0.3236999999999999,30704006896.669197,420563048.1674532,2026-07-04 02:25:46
hyperliquid,HYPE,Hyperliquid,70.263,17761936493.207905,381145358.9442204,2026-07-04 02:25:46
steth,STETH,Lido Staked ETH,1747.64,16026951676.442268,2634903.5299247587,2026-07-04 02:25:46
bitcoin,BTC,Bitcoin,62739.635,1258065513059.775,15168554869.320536,2026-07-05 02:35:02
ethereum,ETH,Ethereum,1763.66,212844204189.79984,5680325492.000446,2026-07-05 02:35:02
tether,USDT,Tether USDt,0.999321170785021,184158285845.39777,142849619.69751573,2026-07-05 02:35:02
binance-coin,BNB,BNB,570.2527049999999,76860108660.45374,574103230.7330954,2026-07-05 02:35:02
usd-coin,USDC,USDC,1.0006665504710353,73013103954.54102,1726506045.579229,2026-07-05 02:35:02
xrp,XRP,XRP,1.138,70830837020.09,1377796106.0075736,2026-07-05 02:35:02
solana,SOL,Solana,80.55182306373555,46811124177.75876,1764847503.6765795,2026-07-05 02:35:02
tron,TRX,TRON,0.3245899999999999,30788946535.719467,316571500.82371527,2026-07-05 02:35:02
hyperliquid,HYPE,Hyperliquid,68.518,17320918558.00642,263726574.66936335,2026-07-05 02:35:02
steth,STETH,Lido Staked ETH,1764.29,16155530377.774675,2773399.8784638736,2026-07-05 02:35:02
bitcoin,BTC,Bitcoin,63506.42,1273468012108.54,16950994224.53784,2026-07-06 02:39:38
ethereum,ETH,Ethereum,1784.295,215334468148.19968,7889700022.043624,2026-07-06 02:39:38
tether,USDT,Tether USDt,0.9992,184137055202.0002,131574339.95356476,2026-07-06 02:39:38
binance-coin,BNB,BNB,586.6088015400001,79064577223.62341,717164347.4926838,2026-07-06 02:39:38
usd-coin,USDC,USDC,1.0007,72995460064.65567,1627327271.914615,2026-07-06 02:39:38
xrp,XRP,XRP,1.1491,71521717767.8255,970163765.4821427,2026-07-06 02:39:38
solana,SOL,Solana,81.34999999999998,47274909700.43841,1532006733.8445175,2026-07-06 02:39:38
tron,TRX,TRON,0.3299,31293303949.932095,391718887.84463686,2026-07-06 02:39:38
hyperliquid,HYPE,Hyperliquid,72.278,18271011036.030865,248184343.11109823,2026-07-06 02:39:38
steth,STETH,Lido Staked ETH,1783.754713,16333980584.014315,1703818.0256165515,2026-07-06 02:39:38
bitcoin,BTC,Bitcoin,63454.34367,1272448113438.5437,29337769559.82173,2026-07-07 02:35:41
ethereum,ETH,Ethereum,1779.43,214747243328.47507,11285635174.882109,2026-07-07 02:35:41
tether,USDT,Tether USDt,0.99945,184263501462.48004,589337254.2104955,2026-07-07 02:35:41
binance-coin,BNB,BNB,580.3258258049743,78217697318.01251,713657988.3281841,2026-07-07 02:35:41
usd-coin,USDC,USDC,1.0005,73176992150.86601,3807330921.8721,2026-07-07 02:35:41
xrp,XRP,XRP,1.13331,70538924343.79456,1332104961.1119263,2026-07-07 02:35:41
solana,SOL,Solana,81.43999999999998,47388054035.03386,2225220352.046797,2026-07-07 02:35:41
tron,TRX,TRON,0.3295,31255822176.848747,480581753.084076,2026-07-07 02:35:41
hyperliquid,HYPE,Hyperliquid,70.728,17875169237.84456,361697346.7207124,2026-07-07 02:35:41
steth,STETH,Lido Staked ETH,1779.74,16298181519.202215,11577038.583751228,2026-07-07 02:35:41
bitcoin,BTC,Bitcoin,62916.52,1261691903830.5598,26631328232.774994,2026-07-08 02:09:19
ethereum,ETH,Ethereum,1753.8420374999998,211659207041.98593,7133671026.220246,2026-07-08 02:09:19
tether,USDT,Tether USDt,0.9993,184235846727.15625,686216066.1794952,2026-07-08 02:09:19
binance-coin,BNB,BNB,571.3592661,77009119936.5082,565610916.3242439,2026-07-08 02:09:19
usd-coin,USDC,USDC,1.0005,73330360287.25032,4163970616.0062256,2026-07-08 02:09:19
xrp,XRP,XRP,1.0979,68581974415.5237,1124683496.2537603,2026-07-08 02:09:19
solana,SOL,Solana,79.004,45957702315.65088,1934189338.9448,2026-07-08 02:09:19
tron,TRX,TRON,0.3300054344999999,31304072830.70752,386565625.20838886,2026-07-08 02:09:19
hyperliquid,HYPE,Hyperliquid,67.804,17164820217.01474,394345824.58214855,2026-07-08 02:09:19
steth,STETH,Lido Staked ETH,1754.56,16077752867.800417,4627253.402755108,2026-07-08 02:09:19
bitcoin,BTC,Bitcoin,62060.35103839269,1244546798558.9849,20818444399.910423,2026-07-09 02:27:40
ethereum,ETH,Ethereum,1736.0,209505918670.12292,6535133525.157912,2026-07-09 02:27:40
tether,USDT,Tether USDt,0.99933338,184242000827.59036,482145406.36677754,2026-07-09 02:27:40
binance-coin,BNB,BNB,568.82038,76666891378.96867,534942789.2679603,2026-07-09 02:27:40
usd-coin,USDC,USDC,1.000605,73340360701.57878,3436541405.554265,2026-07-09 02:27:40
xrp,XRP,XRP,1.0891700296425,68036643689.85985,1118861857.178202,2026-07-09 02:27:40
solana,SOL,Solana,77.68,45196604844.051056,1896337006.0463476,2026-07-09 02:27:40
tron,TRX,TRON,0.32842615195,31154496770.33227,405879016.3632014,2026-07-09 02:27:40
hyperliquid,HYPE,Hyperliquid,67.44,17071489472.712568,322395523.59866035,2026-07-09 02:27:40
steth,STETH,Lido Staked ETH,1735.55,15897404872.476608,4028407.010782112,2026-07-09 02:27:40
bitcoin,BTC,Bitcoin,63829.9,1280059367817.2,21330937137.391037,2026-07-10 02:29:20
ethereum,ETH,Ethereum,1766.38,213172215183.5229,5533888548.678047,2026-07-10 02:29:20
tether,USDT,Tether USDt,0.99938,184180790052.1728,503652119.9988542,2026-07-10 02:29:20
binance-coin,BNB,BNB,574.515095,77434406397.78038,519981054.00887966,2026-07-10 02:29:20
usd-coin,USDC,USDC,1.00056,73377737123.7515,3620984264.490683,2026-07-10 02:29:20
xrp,XRP,XRP,1.105734,69071337005.533,812067332.436736,2026-07-10 02:29:20
solana,SOL,Solana,78.89,45901221157.88984,1582965648.3305457,2026-07-10 02:29:20
tron,TRX,TRON,0.33161,31456895713.9172,364849413.8732799,2026-07-10 02:29:20
hyperliquid,HYPE,Hyperliquid,68.092,17235000537.45506,255557752.4480417,2026-07-10 02:29:20
steth,STETH,Lido Staked ETH,1766.67,16204120734.319,5240064.968680243,2026-07-10 02:29:20
bitcoin,BTC,Bitcoin,64020.383320691806,1283904331710.0457,21371333309.925327,2026-07-11 02:06:48
ethereum,ETH,Ethereum,1790.16,216042024662.22827,6147085422.212775,2026-07-11 02:06:48
tether,USDT,Tether USDt,0.9995,184215067108.99756,433506114.356224,2026-07-11 02:06:48
binance-coin,BNB,BNB,573.6638544,77319650828.47014,518478290.761677,2026-07-11 02:06:48
usd-coin,USDC,USDC,1.00046,73352484991.75941,4048590887.9435606,2026-07-11 02:06:48
xrp,XRP,XRP,1.1037041104,68944536899.31792,803246327.3413683,2026-07-11 02:06:48
solana,SOL,Solana,77.57899999999998,45147501782.59904,1646683899.2316067,2026-07-11 02:06:48
tron,TRX,TRON,0.3299,31294896658.618465,375666082.9747464,2026-07-11 02:06:48
hyperliquid,HYPE,Hyperliquid,66.931,16939546716.571182,248936078.4028132,2026-07-11 02:06:48
steth,STETH,Lido Staked ETH,1790.04192,16427196518.380888,2635541.133117882,2026-07-11 02:06:48
bitcoin,BTC,Bitcoin,64076.49,1285055608862.25,14101909320.949171,2026-07-12 02:10:29
ethereum,ETH,Ethereum,1804.2,217736364654.53433,4997719529.975547,2026-07-12 02:10:29
tether,USDT,Tether USDt,0.9994,184199096180.55112,124507780.17854108,2026-07-12 02:10:29
binance-coin,BNB,BNB,573.4134393,77285869174.24136,449037127.75793046,2026-07-12 02:10:29
usd-coin,USDC,USDC,1.0005,73389450479.54108,2940852144.7558446,2026-07-12 02:10:29
xrp,XRP,XRP,1.0966,68500767960.7098,611759804.0548564,2026-07-12 02:10:29
solana,SOL,Solana,76.7626886,44687881881.19711,1300595577.8501852,2026-07-12 02:10:29
tron,TRX,TRON,0.32955,31262255679.04141,294334527.44269556,2026-07-12 02:10:29
hyperliquid,HYPE,Hyperliquid,67.27,17025027334.825188,225580041.6962026,2026-07-12 02:10:29
steth,STETH,Lido Staked ETH,1803.87,16544583560.128227,5974504.649269581,2026-07-12 02:10:29
bitcoin,BTC,Bitcoin,63303.28,1269580704531.84,15972181542.972008,2026-07-13 02:12:12
ethereum,ETH,Ethereum,1801.634686,217426729590.03384,4857653695.993876,2026-07-13 02:12:12
tether,USDT,Tether USDt,0.9995,184208531645.86145,144966222.34533,2026-07-13 02:12:12
binance-coin,BNB,BNB,571.5,77027945466.91501,496835818.18337417,2026-07-13 02:12:12
usd-coin,USDC,USDC,1.0004,73457732277.4126,1752549632.364688,2026-07-13 02:12:12
xrp,XRP,XRP,1.079,67401357495.536995,626142507.6880877,2026-07-13 02:12:12
solana,SOL,Solana,76.28840395099998,44420686268.70598,1227849897.10915,2026-07-13 02:12:12
tron,TRX,TRON,0.3311219724732636,31412136974.556553,306676750.76007617,2026-07-13 02:12:12
hyperliquid,HYPE,Hyperliquid,66.952,16943059373.636303,158048587.8872424,2026-07-13 02:12:12
steth,STETH,Lido Staked ETH,1803.05,16573449976.418371,2975093.773183424,2026-07-13 02:12:12
bitcoin,BTC,Bitcoin,62475.99277958539,1253017324143.5017,23703937339.296352,2026-07-14 01:58:04
ethereum,ETH,Ethereum,1783.6612499999999,215257609910.99136,7175777072.110591,2026-07-14 01:58:04
tether,USDT,Tether USDt,0.9990247157886328,184120936441.56885,524788331.59732085,2026-07-14 01:58:04
binance-coin,BNB,BNB,569.1,76704446830.78801,481126842.2304104,2026-07-14 01:58:04
usd-coin,USDC,USDC,1.00098,73089962263.26346,3938149166.481524,2026-07-14 01:58:04
xrp,XRP,XRP,1.0652,66539319744.43559,856812660.0039876,2026-07-14 01:58:04
solana,SOL,Solana,75.26999999999998,43829219503.21257,1503177757.9339778,2026-07-14 01:58:04
tron,TRX,TRON,0.3242099999999999,30756698035.087536,436497875.3940586,2026-07-14 01:58:04
steth,STETH,Lido Staked ETH,1784.75,16399343055.793058,4459093.853410551,2026-07-14 01:58:04
hyperliquid,HYPE,Hyperliquid,63.21,15993499274.207815,301250646.1197189,2026-07-14 01:58:04
bitcoin,BTC,Bitcoin,64646.0,1296570882850.0,23132788799.36001,2026-07-15 01:54:41
ethereum,ETH,Ethereum,1867.89,225422542930.42523,9533898386.926151,2026-07-15 01:54:41
tether,USDT,Tether USDt,0.9994,184241219594.98883,650951103.223378,2026-07-15 01:54:41
binance-coin,BNB,BNB,580.0900000000001,78185676399.83102,622339775.5256654,2026-07-15 01:54:41
usd-coin,USDC,USDC,1.0005,73132220405.21931,4203564961.780132,2026-07-15 01:54:41
xrp,XRP,XRP,1.102879526,68893027994.84189,1013395681.2683372,2026-07-15 01:54:41
solana,SOL,Solana,77.34,45043589839.28458,1723787509.038776,2026-07-15 01:54:41
tron,TRX,TRON,0.3257764298433215,30905498406.81916,388237193.0099972,2026-07-15 01:54:41
steth,STETH,Lido Staked ETH,1868.48,17158206522.2421,4605227.881134635,2026-07-15 01:54:41
hyperliquid,HYPE,Hyperliquid,64.978,16439209813.011229,267084654.21925247,2026-07-15 01:54:41
bitcoin,BTC,Bitcoin,64708.1,1297842467311.8,21578911872.428036,2026-07-16 02:04:58
ethereum,ETH,Ethereum,1921.67,231912790831.09525,8851734427.860678,2026-07-16 02:04:58
tether,USDT,Tether USDt,0.99941,184243063113.29575,515388754.0521297,2026-07-16 02:04:58
binance-coin,BNB,BNB,579.6551598,77190421398.21165,589392215.0048525,2026-07-16 02:04:58
usd-coin,USDC,USDC,1.0005,73212471098.44383,3468018483.602772,2026-07-16 02:04:58
xrp,XRP,XRP,1.1133241491135784,69545467083.24268,913656797.4379951,2026-07-16 02:04:58
solana,SOL,Solana,77.06,44880483166.32834,1737100702.9606757,2026-07-16 02:04:58
tron,TRX,TRON,0.324589,30792995358.316307,424401381.23275816,2026-07-16 02:04:58
steth,STETH,Lido Staked ETH,1921.55,17644551754.941338,3959241.1114525185,2026-07-16 02:04:58
hyperliquid,HYPE,Hyperliquid,66.557,16836693573.886204,349394429.84198093,2026-07-16 02:04:58
bitcoin,BTC,Bitcoin,63566.26028355952,1274966726024.0547,21593070622.523308,2026-07-17 02:08:07
ethereum,ETH,Ethereum,1853.0,223625437655.53937,7964808799.95822,2026-07-17 02:08:07
tether,USDT,Tether USDt,0.9992,184057427436.40656,427471190.2605296,2026-07-17 02:08:07
binance-coin,BNB,BNB,571.71,76132373565.2595,511442065.02672327,2026-07-17 02:08:07
usd-coin,USDC,USDC,1.0006,73277357745.21571,3335084536.485896,2026-07-17 02:08:07
xrp,XRP,XRP,1.0893,68044762483.67789,864945066.0877315,2026-07-17 02:08:07
solana,SOL,Solana,75.15999999999998,43782040687.01913,1520709133.7391489,2026-07-17 02:08:07
tron,TRX,TRON,0.3230529700499999,30647631934.586624,337913120.54662025,2026-07-17 02:08:07
steth,STETH,Lido Staked ETH,1853.55,17022572497.538609,4248137.895704822,2026-07-17 02:08:07
hyperliquid,HYPE,Hyperliquid,60.311,15254866667.173992,379257172.4666451,2026-07-17 02:08:07
bitcoin,BTC,Bitcoin,63952.18,1282729228085.58,21238478318.07864,2026-07-18 01:57:22
ethereum,ETH,Ethereum,1842.1,222309920742.43857,6785295578.314752,2026-07-18 01:57:22
tether,USDT,Tether USDt,0.9995,184112688873.05655,404895843.9476196,2026-07-18 01:57:22
binance-coin,BNB,BNB,566.9717650536273,75501383751.80135,624418431.2146648,2026-07-18 01:57:22
usd-coin,USDC,USDC,1.0005198320755995,73310969819.67075,3112012264.512211,2026-07-18 01:57:22
xrp,XRP,XRP,1.08853,67996663275.82659,770726332.0088483,2026-07-18 01:57:22
solana,SOL,Solana,75.1912564,43800178057.80294,1377256315.7945857,2026-07-18 01:57:22
tron,TRX,TRON,0.3227999999999999,30623876105.399555,407339567.9467344,2026-07-18 01:57:22
steth,STETH,Lido Staked ETH,1841.651596,16947454091.480589,4972185.622462671,2026-07-18 01:57:22
hyperliquid,HYPE,Hyperliquid,59.766,15114712285.180227,404249760.92146415,2026-07-18 01:57:22
bitcoin,BTC,Bitcoin,64898.0,1301731741964.0,13373611272.018267,2026-07-19 02:08:38
ethereum,ETH,Ethereum,1869.33,225596071993.97107,3485497482.838073,2026-07-19 02:08:38
tether,USDT,Tether USDt,0.9994833273046594,184128213324.4289,123092162.88153782,2026-07-19 02:08:38
binance-coin,BNB,BNB,571.97214,76167241085.80429,405861561.5626533,2026-07-19 02:08:38
usd-coin,USDC,USDC,1.00056,73359475465.34654,1136789927.5566735,2026-07-19 02:08:38
xrp,XRP,XRP,1.0982,68600714366.634605,534506172.86988974,2026-07-19 02:08:38
solana,SOL,Solana,76.11799999999998,44348905792.99905,908126380.8246678,2026-07-19 02:08:38
tron,TRX,TRON,0.3261,30937562297.94598,483655323.7705762,2026-07-19 02:08:38
steth,STETH,Lido Staked ETH,1865.66,17141387599.761503,1642218.260780032,2026-07-19 02:08:38
hyperliquid,HYPE,Hyperliquid,61.02,15431393272.745028,202034756.15526435,2026-07-19 02:08:38
bitcoin,BTC,Bitcoin,64666.38,1297120283187.0,14049717673.38518,2026-07-20 02:28:55
ethereum,ETH,Ethereum,1870.8232532,225776253133.92316,5503212757.667241,2026-07-20 02:28:55
tether,USDT,Tether USDt,0.9993358313316728,184101041114.30856,161078877.93624222,2026-07-20 02:28:55
binance-coin,BNB,BNB,569.52438268,75841260553.5985,410305094.13456386,2026-07-20 02:28:55
usd-coin,USDC,USDC,1.0006,73329361199.16153,1354327806.1328585,2026-07-20 02:28:55
xrp,XRP,XRP,1.0976287643999996,68565031275.9119,602106692.7051884,2026-07-20 02:28:55
solana,SOL,Solana,76.51,44577231091.48461,1290934834.3043683,2026-07-20 02:28:55
tron,TRX,TRON,0.3267499999999999,30999848745.533134,475561377.9331747,2026-07-20 02:28:55
steth,STETH,Lido Staked ETH,1870.1588934,17182341754.420937,1529407.6523242444,2026-07-20 02:28:55
hyperliquid,HYPE,Hyperliquid,60.306,15250477292.217045,170034443.61101428,2026-07-20 02:28:55
bitcoin,BTC,Bitcoin,65369.92,1311266207426.56,24272969964.22401,2026-07-21 02:07:42
ethereum,ETH,Ethereum,1911.4163146,230675121325.57288,8282364296.608339,2026-07-21 02:07:42
tether,USDT,Tether USDt,0.9993,184094440143.8155,615069558.835413,2026-07-21 02:07:42
binance-coin,BNB,BNB,572.836565145,76282305285.70738,546083715.1573864,2026-07-21 02:07:42
usd-coin,USDC,USDC,1.0006,73277645144.49286,3542292505.7089047,2026-07-21 02:07:42
xrp,XRP,XRP,1.1161,69718864782.9183,931496509.236216,2026-07-21 02:07:42
solana,SOL,Solana,77.98630859500001,45446450953.16734,1786766271.0584087,2026-07-21 02:07:42
tron,TRX,TRON,0.3262499999999999,30952837138.88704,559687358.3704869,2026-07-21 02:07:42
steth,STETH,Lido Staked ETH,1910.3578186053353,17555916472.04011,3885062.0108694234,2026-07-21 02:07:42
hyperliquid,HYPE,Hyperliquid,62.493,15801078401.99415,215501299.1835552,2026-07-21 02:07:42
bitcoin,BTC,Bitcoin,66399.0,1331935919622.0,24678273957.93994,2026-07-22 02:05:49
ethereum,ETH,Ethereum,1932.071150887496,233167762230.58783,8596479761.243303,2026-07-22 02:05:49
tether,USDT,Tether USDt,0.9994,184108911807.49567,565346364.2416135,2026-07-22 02:05:49
binance-coin,BNB,BNB,573.2,76330679418.164,580363317.9506,2026-07-22 02:05:49
usd-coin,USDC,USDC,1.0006,73313136804.09584,3702774820.413319,2026-07-22 02:05:49
xrp,XRP,XRP,1.1435,71430446984.3805,1169635386.1036887,2026-07-22 02:05:49
solana,SOL,Solana,78.29,45623430340.14964,1419880518.3851347,2026-07-22 02:05:49
tron,TRX,TRON,0.3291999999999999,31233050511.217068,604952102.2439396,2026-07-22 02:05:49
steth,STETH,Lido Staked ETH,1932.39,17854442790.53552,2271887.0456563714,2026-07-22 02:05:49
hyperliquid,HYPE,Hyperliquid,60.741,15356119271.108656,250447585.18588483,2026-07-22 02:05:49
bitcoin,BTC,Bitcoin,65804.81,1320039948068.1099,22671092885.240864,2026-07-23 02:12:15
ethereum,ETH,Ethereum,1927.29361121766,232591142637.09384,7296290296.531746,2026-07-23 02:12:15
tether,USDT,Tether USDt,0.99953723,184140540295.39532,595063626.2965283,2026-07-23 02:12:15
binance-coin,BNB,BNB,570.7537704,76004893345.43686,471232808.4841137,2026-07-23 02:12:15
usd-coin,USDC,USDC,1.00045,73302234553.00076,3774579749.00954,2026-07-23 02:12:15
xrp,XRP,XRP,1.1382,71099374514.75461,809573351.4005656,2026-07-23 02:12:15
solana,SOL,Solana,77.7369,45310209008.34849,1603940397.7462027,2026-07-23 02:12:15
tron,TRX,TRON,0.3290529999999999,31219502095.420998,544234737.7166188,2026-07-23 02:12:15
steth,STETH,Lido Staked ETH,1927.00728,17901463142.13323,1755657.8681221022,2026-07-23 02:12:15
hyperliquid,HYPE,Hyperliquid,58.73,14845699790.044592,332999427.27572054,2026-07-23 02:12:15
bitcoin,BTC,Bitcoin,65060.9,1305145596411.2,18468757763.328007,2026-07-24 02:08:43
ethereum,ETH,Ethereum,1872.45,225972344864.11807,6461415594.564448,2026-07-24 02:08:43
tether,USDT,Tether USDt,0.9993,184032406110.6487,496099167.2177578,2026-07-24 02:08:43
binance-coin,BNB,BNB,567.6139740000001,75586751893.44157,440390465.78453034,2026-07-24 02:08:43
usd-coin,USDC,USDC,1.0007,73056761162.02539,4158013175.2956414,2026-07-24 02:08:43
xrp,XRP,XRP,1.108213273,69226208521.56825,820854048.7779456,2026-07-24 02:08:43
solana,SOL,Solana,75.70073161500001,44123320915.86581,1425058042.4592304,2026-07-24 02:08:43
tron,TRX,TRON,0.3286999999999999,31186478005.340168,346724374.91204673,2026-07-24 02:08:43
steth,STETH,Lido Staked ETH,1872.94,17483449454.45986,3783998.1914364994,2026-07-24 02:08:43
hyperliquid,HYPE,Hyperliquid,57.978,14652916025.191952,241801714.93673927,2026-07-24 02:08:43
bitcoin,BTC,Bitcoin,64073.33,1285365205837.18,20377782801.931225,2026-07-25 02:08:21
ethereum,ETH,Ethereum,1860.1,224481913365.77527,5702066473.236686,2026-07-25 02:08:21
tether,USDT,Tether USDt,0.9992,184009591452.5749,529598548.81929135,2026-07-25 02:08:21
binance-coin,BNB,BNB,564.8754036753271,75222044314.52876,515787501.6055063,2026-07-25 02:08:21
usd-coin,USDC,USDC,1.0008002800560067,72672730492.24442,4751044428.428657,2026-07-25 02:08:21
xrp,XRP,XRP,1.0927,68330106265.22849,780697895.3682686,2026-07-25 02:08:21
solana,SOL,Solana,74.1541,43221634914.759056,1382602134.5021515,2026-07-25 02:08:21
tron,TRX,TRON,0.3311,31414532103.414017,367440081.16570467,2026-07-25 02:08:21
steth,STETH,Lido Staked ETH,1860.3,17366540268.837856,2030308.5879444033,2026-07-25 02:08:21
hyperliquid,HYPE,Hyperliquid,57.47,14522721697.977467,214467035.47397736,2026-07-25 02:08:21
bitcoin,BTC,Bitcoin,64423.27,1292413322408.8699,12462157612.969679,2026-07-26 02:12:56
ethereum,ETH,Ethereum,1877.43959,226574450876.18936,2874302033.764784,2026-07-26 02:12:56
tether,USDT,Tether USDt,0.9991500059010702,184000384693.4485,126723080.02948752,2026-07-26 02:12:56
binance-coin,BNB,BNB,569.7243405,75867736046.22888,388419428.0462068,2026-07-26 02:12:56
usd-coin,USDC,USDC,1.0008312234521068,72613289807.50865,2549451843.795021,2026-07-26 02:12:56
xrp,XRP,XRP,1.099241,68739136397.08615,509307346.2950348,2026-07-26 02:12:56
solana,SOL,Solana,74.75,43577678104.308975,900188335.9455392,2026-07-26 02:12:56
tron,TRX,TRON,0.3312999999999999,31434184167.6502,294378549.73585546,2026-07-26 02:12:56
steth,STETH,Lido Staked ETH,1877.92,17534909968.4464,769744.3216480486,2026-07-26 02:12:56
hyperliquid,HYPE,Hyperliquid,58.39,14755796945.5224,103862825.80097955,2026-07-26 02:12:56
bitcoin,BTC,Bitcoin,65155.33,1307129485540.19,13589414202.649588,2026-07-27 02:26:04
ethereum,ETH,Ethereum,1944.955,234722352291.51212,4950385043.078672,2026-07-27 02:26:04
tether,USDT,Tether USDt,0.99912,183994858899.21603,175929083.0331731,2026-07-27 02:26:04
binance-coin,BNB,BNB,572.9174579999999,76292928206.02533,386958086.6811388,2026-07-27 02:26:04
usd-coin,USDC,USDC,1.0009,72646916784.63779,2880528377.177095,2026-07-27 02:26:04
xrp,XRP,XRP,1.10649112974,69192510731.8266,537656700.9017155,2026-07-27 02:26:04
solana,SOL,Solana,76.5,44597832297.71242,1096253430.5791068,2026-07-27 02:26:04
tron,TRX,TRON,0.3316,31463395093.190086,262657206.99420407,2026-07-27 02:26:04
steth,STETH,Lido Staked ETH,1944.79999999,18163162328.097206,3228130.310960547,2026-07-27 02:26:04
hyperliquid,HYPE,Hyperliquid,59.503,15035597884.37826,134302046.97903633,2026-07-27 02:26:04
bitcoin,BTC,Bitcoin,63198.33753881,1267896676197.7131,21427561981.55178,2026-07-28 02:01:34
ethereum,ETH,Ethereum,1874.969832,226276355721.68063,9095008706.495955,2026-07-28 02:01:34
tether,USDT,Tether USDt,0.9991,183961007916.58173,565511124.790598,2026-07-28 02:01:34
binance-coin,BNB,BNB,564.98,75235904614.61101,469191704.9777098,2026-07-28 02:01:34
usd-coin,USDC,USDC,1.0008,72528347851.53455,4177841636.243973,2026-07-28 02:01:34
xrp,XRP,XRP,1.0576,66135188419.60801,896739947.4009869,2026-07-28 02:01:34
solana,SOL,Solana,73.18,42670836583.69762,1730174259.2504659,2026-07-28 02:01:34
tron,TRX,TRON,0.32354304,30699240662.359108,492204630.14755446,2026-07-28 02:01:34
steth,STETH,Lido Staked ETH,1875.0694743,17520193196.082737,4191200.515990393,2026-07-28 02:01:34
hyperliquid,HYPE,Hyperliquid,56.27,14216301493.879404,284647717.3889576,2026-07-28 02:01:34
bitcoin,BTC,Bitcoin,63693.67,1277856228878.77,18858602117.465256,2026-07-29 02:04:04
ethereum,ETH,Ethereum,1904.7288206592,229867626961.4428,7331195469.5871725,2026-07-29 02:04:04
tether,USDT,Tether USDt,0.9989,183891363714.72552,436770428.13564426,2026-07-29 02:04:04
binance-coin,BNB,BNB,570.3,75944319096.11998,470001687.8266928,2026-07-29 02:04:04
usd-coin,USDC,USDC,1.001,72453886652.34816,4448149727.562525,2026-07-29 02:04:04
xrp,XRP,XRP,1.0720999997998444,67041920850.43912,899559483.6211885,2026-07-29 02:04:04
solana,SOL,Solana,73.23999999999998,42705650529.05364,1570128052.2909603,2026-07-29 02:04:04
tron,TRX,TRON,0.3245,30790205274.068855,352999130.8896083,2026-07-29 02:04:04
steth,STETH,Lido Staked ETH,1904.218008,17817735944.30243,3424773.0687627983,2026-07-29 02:04:04
hyperliquid,HYPE,Hyperliquid,54.5,13767760566.174656,287205594.5688839,2026-07-29 02:04:04
bitcoin,BTC,Bitcoin,64158.253,1287202987969.061,22878334749.31104,2026-07-30 01:54:15
ethereum,ETH,Ethereum,1916.856124881,231331098694.36975,8131114875.137354,2026-07-30 01:54:15
tether,USDT,Tether USDt,0.998965665954504,183857799682.202,652899181.7130498,2026-07-30 01:54:15
binance-coin,BNB,BNB,575.03,76574165820.18588,465961815.30458087,2026-07-30 01:54:15
usd-coin,USDC,USDC,1.001,72205254454.19342,4156491633.312448,2026-07-30 01:54:15
xrp,XRP,XRP,1.0795,67504667075.422485,1133794210.0082324,2026-07-30 01:54:15
solana,SOL,Solana,74.03220813669998,42908160027.91016,1730369291.8207688,2026-07-30 01:54:15
tron,TRX,TRON,0.3261,30942328486.67036,374556916.6065134,2026-07-30 01:54:15
steth,STETH,Lido Staked ETH,1916.456632,17939333447.414104,2791909.1085712044,2026-07-30 01:54:15
hyperliquid,HYPE,Hyperliquid,54.254,13702861018.345856,249026367.38740495,2026-07-30 01:54:15
bitcoin,BTC,Bitcoin,64540.9,1294912474696.0,21855448181.074257,2026-07-31 02:13:02
ethereum,ETH,Ethereum,1910.668456,230584262258.53973,5424462884.839889,2026-07-31 02:13:02
tether,USDT,Tether USDt,0.9992,183792504285.76703,608173090.4337788,2026-07-31 02:13:02
binance-coin,BNB,BNB,589.76,78535638871.7856,691398021.3796883,2026-07-31 02:13:02
usd-coin,USDC,USDC,1.0006423894918404,72012549478.55191,3687246165.3132777,2026-07-31 02:13:02
xrp,XRP,XRP,1.0813,67617226964.9415,800452004.8587923,2026-07-31 02:13:02
solana,SOL,Solana,74.48,43167631861.75408,1346381286.9950566,2026-07-31 02:13:02
tron,TRX,TRON,0.3289,31208265757.326923,351825073.11212784,2026-07-31 02:13:02
steth,STETH,Lido Staked ETH,1910.31,17928183054.623985,3147293.536618092,2026-07-31 02:13:02
hyperliquid,HYPE,Hyperliquid,55.7,14066318133.176804,264558920.65746132,2026-07-31 02:13:02
bitcoin,BTC,Bitcoin,62957.08737053668,1263166468092.1572,22344457021.112255,2026-08-01 02:14:12
ethereum,ETH,Ethereum,1866.18,225214957482.87943,6036078694.795444,2026-08-01 02:14:12
tether,USDT,Tether USDt,0.9991,183648576722.62964,464847572.2763763,2026-08-01 02:14:12
binance-coin,BNB,BNB,589.407530009,78488629825.04214,589885232.7402527,2026-08-01 02:14:12
usd-coin,USDC,USDC,1.0008002,72007222186.16136,3779465749.68362,2026-08-01 02:14:12
xrp,XRP,XRP,1.0649,66591681304.879486,806097290.4917041,2026-08-01 02:14:12
solana,SOL,Solana,73.01884561488278,42329227649.31553,1336380327.5723667,2026-08-01 02:14:12
tron,TRX,TRON,0.3266858,30998375143.10942,394225114.44425553,2026-08-01 02:14:12
steth,STETH,Lido Staked ETH,1867.0,17555023595.660213,2438538.2112242193,2026-08-01 02:14:12
hyperliquid,HYPE,Hyperliquid,52.5898694608933,13278536280.872032,253431763.07106045,2026-08-01 02:14:12
bitcoin,BTC,Bitcoin,63336.57,1270811415166.26,12101541722.065355,2026-08-02 02:11:45
ethereum,ETH,Ethereum,1871.417457,225846896591.5804,3456375013.238497,2026-08-02 02:11:45
tether,USDT,Tether USDt,0.99913066,183298217211.1081,124900401.25619024,2026-08-02 02:11:45
binance-coin,BNB,BNB,578.94,77094649135.518,562520494.1297445,2026-08-02 02:11:45
usd-coin,USDC,USDC,1.0008,72045321352.3522,1054805434.5781288,2026-08-02 02:11:45
xrp,XRP,XRP,1.07193792,67031785470.23704,552119148.4849539,2026-08-02 02:11:45
solana,SOL,Solana,73.066,42457073377.20384,1087490018.0296743,2026-08-02 02:11:45
tron,TRX,TRON,0.3283625168459999,31157936732.637207,327415408.63106287,2026-08-02 02:11:45
steth,STETH,Lido Staked ETH,1871.75,17594948474.991623,2818234.578448728,2026-08-02 02:11:45
hyperliquid,HYPE,Hyperliquid,52.689,13303128556.207129,151843598.705754,2026-08-02 02:11:45
bitcoin,BTC,Bitcoin,63150.0,1267097992950.0,14022323206.326824,2026-08-03 02:13:44
ethereum,ETH,Ethereum,1865.553,225139140707.08,3535279070.0056305,2026-08-03 02:13:44
tether,USDT,Tether USDt,0.99897,183268742896.3301,135018983.44459596,2026-08-03 02:13:44
binance-coin,BNB,BNB,584.24,77800360000.196,426374491.9517569,2026-08-03 02:13:44
usd-coin,USDC,USDC,1.00098,72033757645.64066,1404068534.1611848,2026-08-03 02:13:44
xrp,XRP,XRP,1.0739,67154480752.474495,679870045.8761481,2026-08-03 02:13:44
solana,SOL,Solana,72.954645952,42400777458.31327,968808822.1409287,2026-08-03 02:13:44
tron,TRX,TRON,0.32629,30961794418.155926,285506961.6074128,2026-08-03 02:13:44
steth,STETH,Lido Staked ETH,1865.73,17541552403.771736,1352310.7554841167,2026-08-03 02:13:44
hyperliquid,HYPE,Hyperliquid,52.304,13205173499.924671,170693527.41447765,2026-08-03 02:13:44
bitcoin,BTC,Bitcoin,63813.3188279203,1280434726357.5647,21309790349.075397,2026-08-04 01:59:35
ethereum,ETH,Ethereum,1866.7738004,225286447351.27682,5203782430.208371,2026-08-04 01:59:35
tether,USDT,Tether USDt,0.99911252,183250129038.6425,577481511.8761657,2026-08-04 01:59:35
binance-coin,BNB,BNB,591.8041262700001,78807553710.97838,478246071.1235416,2026-08-04 01:59:35
usd-coin,USDC,USDC,1.00083,72173802649.93289,3504421345.442735,2026-08-04 01:59:35
xrp,XRP,XRP,1.0775,67379600531.5125,863610998.8529094,2026-08-04 01:59:35
solana,SOL,Solana,73.709,42839128306.87762,1316676456.2619076,2026-08-04 01:59:35
tron,TRX,TRON,0.3291,31228649724.79316,377801257.3268378,2026-08-04 01:59:35
steth,STETH,Lido Staked ETH,1866.71331,17556070348.20753,4061944.42859312,2026-08-04 01:59:35
hyperliquid,HYPE,Hyperliquid,54.233,13690379526.724016,205458049.40058383,2026-08-04 01:59:35
bitcoin,BTC,Bitcoin,64290.81867,1290048702283.8647,18542382309.48576,2026-08-05 01:58:44
ethereum,ETH,Ethereum,1872.7915478571,226012622657.89743,5025843689.866106,2026-08-05 01:58:44
tether,USDT,Tether USDt,0.99924,183146407180.44992,528096628.5740636,2026-08-05 01:58:44
binance-coin,BNB,BNB,603.3693332179499,80347570920.15701,520963553.15392894,2026-08-05 01:58:44
usd-coin,USDC,USDC,1.0006610966982334,72251474167.41046,3605502598.7944655,2026-08-05 01:58:44
xrp,XRP,XRP,1.073013,67099013740.250404,781685645.4573438,2026-08-05 01:58:44
solana,SOL,Solana,74.037306780372,43038440961.269936,1341677002.161147,2026-08-05 01:58:44
tron,TRX,TRON,0.3269,31020095936.412037,417779787.9292853,2026-08-05 01:58:44
steth,STETH,Lido Staked ETH,1872.115502,17610215603.518505,4686751.062388656,2026-08-05 01:58:44
hyperliquid,HYPE,Hyperliquid,55.33,13965460105.951168,215729221.15782696,2026-08-05 01:58:44
bitcoin,BTC,Bitcoin,64558.7,1295454822838.3,18140862455.489685,2026-08-06 02:02:55
ethereum,ETH,Ethereum,1906.59,230091422633.45276,6134630512.418009,2026-08-06 02:02:55
tether,USDT,Tether USDt,0.99906063,183082462481.828,590652385.2109009,2026-08-06 02:02:55
binance-coin,BNB,BNB,594.0,79099839201.23999,565381923.8268706,2026-08-06 02:02:55
usd-coin,USDC,USDC,1.0008,71796332567.78227,3313488351.5044055,2026-08-06 02:02:55
xrp,XRP,XRP,1.054010006536408,65910694382.03253,831999378.6485206,2026-08-06 02:02:55
solana,SOL,Solana,73.717882,42852685463.41564,1428742426.4161468,2026-08-06 02:02:55
tron,TRX,TRON,0.3286,31181706819.07081,364634053.2647561,2026-08-06 02:02:55
steth,STETH,Lido Staked ETH,1906.1396374312792,17974417918.59313,4952352.90450656,2026-08-06 02:02:55
hyperliquid,HYPE,Hyperliquid,56.53,14265284024.238878,248193630.00867456,2026-08-06 02:02:55
bitcoin,BTC,Bitcoin,64368.3,1291655503512.0,15018250506.721392,2026-08-07 02:23:38
ethereum,ETH,Ethereum,1902.56,229605016941.5332,4951690090.489264,2026-08-07 02:23:38
tether,USDT,Tether USDt,0.9992003598800332,183407635883.75137,463139507.7026295,2026-08-07 02:23:38
binance-coin,BNB,BNB,593.0,78966631217.56998,422304842.4417511,2026-08-07 02:23:38
usd-coin,USDC,USDC,1.0007,72003467623.09406,2471996738.450111,2026-08-07 02:23:38
xrp,XRP,XRP,1.034707256,64703630233.2598,1075162977.3704278,2026-08-07 02:23:38
solana,SOL,Solana,72.6968176,42267485110.15014,1279616102.06115,2026-08-07 02:23:38
tron,TRX,TRON,0.3270881151999999,31038364810.96876,326624829.42407346,2026-08-07 02:23:38
steth,STETH,Lido Staked ETH,1902.70000001,17942431543.58077,2882988.163368108,2026-08-07 02:23:38
hyperliquid,HYPE,Hyperliquid,55.778,14098932206.986435,172464743.19515124,2026-08-07 02:23:38
bitcoin,BTC,Bitcoin,64895.0,1302255622610.0,17850431061.357876,2026-08-08 01:10:18
ethereum,ETH,Ethereum,1914.4,231033834283.26144,5819074973.432927,2026-08-08 01:10:18
tether,USDT,Tether USDt,0.9994923682066628,183413212386.0004,553069647.0061203,2026-08-08 01:10:18
binance-coin,BNB,BNB,591.0,78700256993.03998,491176631.1899304,2026-08-08 01:10:18
usd-coin,USDC,USDC,1.0004002,72149737032.5453,2838478602.277909,2026-08-08 01:10:18
xrp,XRP,XRP,1.0256,64134123717.048,1222895131.4654756,2026-08-08 01:10:18
solana,SOL,Solana,73.70749999999998,42901571220.57732,1349711336.1351547,2026-08-08 01:10:18
tron,TRX,TRON,0.3276999999999999,31096675925.135,320939773.50774,2026-08-08 01:10:18
steth,STETH,Lido Staked ETH,1914.24,18086468370.09696,3789662.061231988,2026-08-08 01:10:18
hyperliquid,HYPE,Hyperliquid,54.138187318008086,13682743953.615429,226209984.8375676,2026-08-08 01:10:18
bitcoin,BTC,Bitcoin,64957.89,1303547329416.75,10972192686.8561,2026-08-09 01:15:03
ethereum,ETH,Ethereum,1918.07,231476685989.0188,2348530242.6452174,2026-08-09 01:15:03
tether,USDT,Tether USDt,0.9993,183117668892.9992,93020593.3984745,2026-08-09 01:15:03
binance-coin,BNB,BNB,602.81,80272885849.18588,544397314.5986711,2026-08-09 01:15:03
usd-coin,USDC,USDC,1.0006,72220230153.44278,1061772742.6136996,2026-08-09 01:15:03
xrp,XRP,XRP,1.039183236,64983527907.86496,633118253.977798,2026-08-09 01:15:03
solana,SOL,Solana,75.92500000000001,44201015660.27883,1298954303.0583773,2026-08-09 01:15:03
tron,TRX,TRON,0.3293699999999999,31255642091.977222,240445590.75296524,2026-08-09 01:15:03
steth,STETH,Lido Staked ETH,1918.2,18139219244.79655,746962.3687272328,2026-08-09 01:15:03
hyperliquid,HYPE,Hyperliquid,55.223,13956710186.176296,93163750.75440928,2026-08-09 01:15:03
bitcoin,BTC,Bitcoin,64995.1,1304327321373.7,11932262015.897425,2026-08-10 01:17:00
ethereum,ETH,Ethereum,1914.724,231072860909.77097,3144478872.33533,2026-08-10 01:17:00
tether,USDT,Tether USDt,0.99929,183115836433.1336,110010818.25912398,2026-08-10 01:17:00
binance-coin,BNB,BNB,604.58,80508539826.07462,470653700.48051846,2026-08-10 01:17:00
usd-coin,USDC,USDC,1.0006,72266725335.39966,1575462690.3739023,2026-08-10 01:17:00
xrp,XRP,XRP,1.0330971144999999,64602942816.954254,588301904.7739486,2026-08-10 01:17:00
solana,SOL,Solana,76.68999999999998,44646278481.71873,1151663508.254274,2026-08-10 01:17:00
tron,TRX,TRON,0.3306999266999999,31382616213.85151,241382740.8608845,2026-08-10 01:17:00
steth,STETH,Lido Staked ETH,1914.0,18102837190.21138,746924.3162537604,2026-08-10 01:17:00
hyperliquid,HYPE,Hyperliquid,54.07,13664071437.697384,98877203.02138458,2026-08-10 01:17:00
bitcoin,BTC,Bitcoin,64029.13,1284968595405.0,17598759452.809814,2026-08-11 01:15:01
ethereum,ETH,Ethereum,1876.037398392856,226404053323.6396,5374583880.281731,2026-08-11 01:15:01
tether,USDT,Tether USDt,0.9991107,183082980435.9031,432648070.3438154,2026-08-11 01:15:01
binance-coin,BNB,BNB,600.33,79942529669.99638,472431078.03141266,2026-08-11 01:15:01
usd-coin,USDC,USDC,1.0008,72329497831.86392,3019014301.4764967,2026-08-11 01:15:01
xrp,XRP,XRP,1.013,63346204490.41499,805368998.6841764,2026-08-11 01:15:01
solana,SOL,Solana,75.90078989999998,44195553916.809456,1394176957.5913675,2026-08-11 01:15:01
tron,TRX,TRON,0.3311567539999999,31426076063.310215,361768960.7703127,2026-08-11 01:15:01
steth,STETH,Lido Staked ETH,1875.56,17743484584.230766,1570699.3738802003,2026-08-11 01:15:01
hyperliquid,HYPE,Hyperliquid,54.927,13879779084.405272,159074633.63878205,2026-08-11 01:15:01
bitcoin,BTC,Bitcoin,63728.74028364754,1278964887404.8706,16638894231.39404,2026-08-12 01:22:50
ethereum,ETH,Ethereum,1882.23407225,227151839479.71652,5072805341.248669,2026-08-12 01:22:50
tether,USDT,Tether USDt,0.9992324946434452,183078177885.0924,531809343.3562304,2026-08-12 01:22:50
binance-coin,BNB,BNB,616.61919375,82111614644.86256,697875877.0385768,2026-08-12 01:22:50
usd-coin,USDC,USDC,1.0007,72208600965.2941,2879392758.7610774,2026-08-12 01:22:50
xrp,XRP,XRP,1.0231,63977790537.160484,988015813.8113143,2026-08-12 01:22:50
solana,SOL,Solana,76.39067344999998,44496132880.519615,1303782201.2599108,2026-08-12 01:22:50
tron,TRX,TRON,0.3343961999999999,31733715423.51353,404620243.7579255,2026-08-12 01:22:50
steth,STETH,Lido Staked ETH,1882.41,17817337926.35187,1987674.184880578,2026-08-12 01:22:50
hyperliquid,HYPE,Hyperliquid,54.41,13748040402.049208,142311494.31575233,2026-08-12 01:22:50
bitcoin,BTC,Bitcoin,63499.374132615856,1274392497735.2708,18590731322.80912,2026-08-13 01:24:55
ethereum,ETH,Ethereum,1878.958431,226756487663.5728,4970653642.438714,2026-08-13 01:24:55
tether,USDT,Tether USDt,0.9991102467599778,183015515628.38055,488004300.1726772,2026-08-13 01:24:55
binance-coin,BNB,BNB,610.76,81331318529.74478,501985831.6948865,2026-08-13 01:24:55
usd-coin,USDC,USDC,1.00089,72123747363.50734,2669210148.76954,2026-08-13 01:24:55
xrp,XRP,XRP,1.0038,62915111199.5616,718915963.840632,2026-08-13 01:24:55
solana,SOL,Solana,75.61505471711897,44045712611.55792,1202841876.868702,2026-08-13 01:24:55
tron,TRX,TRON,0.33589,31875976273.33104,327924767.4453344,2026-08-13 01:24:55
steth,STETH,Lido Staked ETH,1878.69,17784197678.778957,2578203.124727067,2026-08-13 01:24:55
hyperliquid,HYPE,Hyperliquid,56.3,14223012412.14766,180499788.25568283,2026-08-13 01:24:55
bitcoin,BTC,Bitcoin,63502.91,1274487908989.96,15621828501.57296,2026-08-14 01:24:29
ethereum,ETH,Ethereum,1887.0005595,227726988079.91605,4345832481.1747465,2026-08-14 01:24:29
tether,USDT,Tether USDt,0.99922,183035998191.4175,448858974.2649984,2026-08-14 01:24:29
binance-coin,BNB,BNB,610.41215,81284948239.87558,440466160.16393846,2026-08-14 01:24:29
usd-coin,USDC,USDC,1.0008,72017817547.03096,2356646727.0042214,2026-08-14 01:24:29
xrp,XRP,XRP,1.0114,63391455934.68481,658700631.9026309,2026-08-14 01:24:29
solana,SOL,Solana,76.025,44293225854.559456,1135539426.539363,2026-08-14 01:24:29
tron,TRX,TRON,0.3343964179999999,31734570977.96412,316625841.13132626,2026-08-14 01:24:29
steth,STETH,Lido Staked ETH,1886.52262,17861561336.90245,2321262.0958697265,2026-08-14 01:24:29
hyperliquid,HYPE,Hyperliquid,57.472,14518137239.675495,213273934.25657997,2026-08-14 01:24:29
bitcoin,BTC,Bitcoin,62976.8,1263958293872.8,16256847593.808275,2026-08-15 00:54:46
ethereum,ETH,Ethereum,1881.4319,227054913495.8451,3528687023.1443605,2026-08-15 00:54:46
tether,USDT,Tether USDt,0.9991,183014016726.0916,486965109.9640065,2026-08-15 00:54:46
binance-coin,BNB,BNB,607.5362816965611,80901940929.71742,406617526.1266015,2026-08-15 00:54:46
usd-coin,USDC,USDC,1.00087,71976343133.01094,2820530110.668127,2026-08-15 00:54:46
xrp,XRP,XRP,1.000071584,62681425497.98936,782123360.8999705,2026-08-15 00:54:46
solana,SOL,Solana,75.35152386720391,43900785310.10688,1026948002.4577647,2026-08-15 00:54:46
tron,TRX,TRON,0.3321999999999999,31526623207.676823,291940200.09968615,2026-08-15 00:54:46
steth,STETH,Lido Staked ETH,1880.8322478409095,17901030720.84261,3524307.953510393,2026-08-15 00:54:46
hyperliquid,HYPE,Hyperliquid,56.35,14233472157.884596,131877015.80026512,2026-08-15 00:54:46
bitcoin,BTC,Bitcoin,63044.49821187889,1265346768949.67,9716095706.279406,2026-08-16 00:57:47
ethereum,ETH,Ethereum,1881.991208445236,227122374858.8064,2091728226.7129967,2026-08-16 00:57:47
tether,USDT,Tether USDt,0.9991,183014016726.0916,102582866.33179481,2026-08-16 00:57:47
binance-coin,BNB,BNB,607.50226235,80897356704.82275,396735177.32610554,2026-08-16 00:57:47
usd-coin,USDC,USDC,1.0009,71954199352.33466,1044713612.6324697,2026-08-16 00:57:47
xrp,XRP,XRP,1.0018,62789757321.8976,386362664.94651216,2026-08-16 00:57:47
solana,SOL,Solana,75.40999999999998,43943510135.00618,697976651.9090077,2026-08-16 00:57:47
tron,TRX,TRON,0.331,31413370220.015835,245736080.5274475,2026-08-16 00:57:47
steth,STETH,Lido Staked ETH,1881.96,17900374993.76416,594095.234973243,2026-08-16 00:57:47
hyperliquid,HYPE,Hyperliquid,56.837,14356475186.235699,80029633.45764281,2026-08-16 00:57:47
bitcoin,BTC,Bitcoin,62853.0,1261533750834.0,9291612311.202633,2026-08-17 00:55:22
ethereum,ETH,Ethereum,1875.4030047494325,226327276341.5577,2309544573.9288487,2026-08-17 00:55:22
tether,USDT,Tether USDt,0.9990369125211968,182978337761.99155,107640908.26788685,2026-08-17 00:55:22
binance-coin,BNB,BNB,601.82,80140623961.1936,441641306.10324,2026-08-17 00:55:22
usd-coin,USDC,USDC,1.0009,71911543756.62233,721677579.3849709,2026-08-17 00:55:22
xrp,XRP,XRP,0.9910599859883982,62116606120.63762,451416408.5569108,2026-08-17 00:55:22
solana,SOL,Solana,74.56,43452393246.46055,780015959.2972093,2026-08-17 00:55:22
tron,TRX,TRON,0.3312999999999999,31442573573.21767,210674602.78780067,2026-08-17 00:55:22
steth,STETH,Lido Staked ETH,1875.6935332881303,17839911575.04205,625329.4247230847,2026-08-17 00:55:22
hyperliquid,HYPE,Hyperliquid,57.304,14474470853.876951,85181439.87271358,2026-08-17 00:55:22
bitcoin,BTC,Bitcoin,64372.0,1292043756696.0,17908180713.097034,2026-08-18 00:54:19
ethereum,ETH,Ethereum,1909.17866743268,230403370815.4036,4985252373.197145,2026-08-18 00:54:19
tether,USDT,Tether USDt,0.99918,183004544910.52316,541287225.6452132,2026-08-18 00:54:19
binance-coin,BNB,BNB,605.12,80579994756.112,467039642.3802304,2026-08-18 00:54:19
usd-coin,USDC,USDC,1.00074,71938970456.88567,2975173854.3311915,2026-08-18 00:54:19
xrp,XRP,XRP,1.00170477,62783788597.012634,673376938.1960578,2026-08-18 00:54:19
solana,SOL,Solana,75.936,44262783346.87203,1177525786.5925615,2026-08-18 00:54:19
tron,TRX,TRON,0.3312140513929107,31434831919.507748,319110042.1609603,2026-08-18 00:54:19
steth,STETH,Lido Staked ETH,1909.31,18168660115.423996,1762423.9714406473,2026-08-18 00:54:19
hyperliquid,HYPE,Hyperliquid,59.63,15060166637.659643,188710635.57148176,2026-08-18 00:54:19
bitcoin,BTC,Bitcoin,64515.55,1294925023104.9,14990372477.785048,2026-08-19 00:55:01
ethereum,ETH,Ethereum,1914.05,230991223458.7415,4406282776.181793,2026-08-19 00:55:01
tether,USDT,Tether USDt,0.999313776034705,183002065147.6949,592522767.1873593,2026-08-19 00:55:01
binance-coin,BNB,BNB,603.882775,80415166071.21034,453019952.6421748,2026-08-19 00:55:01
usd-coin,USDC,USDC,1.0006,71900714957.89677,2466247573.2002363,2026-08-19 00:55:01
xrp,XRP,XRP,0.99760286,62526693434.84826,656401764.9683993,2026-08-19 00:55:01
solana,SOL,Solana,77.01973948014307,44894201558.4722,1301816292.1797073,2026-08-19 00:55:01
tron,TRX,TRON,0.3326999999999999,31576288258.898594,350589204.6303123,2026-08-19 00:55:01
steth,STETH,Lido Staked ETH,1914.48,18242401989.70298,1331095.783015374,2026-08-19 00:55:01
hyperliquid,HYPE,Hyperliquid,58.67,14816267792.051748,186653952.88650897,2026-08-19 00:55:01
bitcoin,BTC,Bitcoin,69500.0,1394970501000.0,34121347380.72381,2026-08-20 00:54:29
ethereum,ETH,Ethereum,2263.5420541998,273168547814.396,21536004270.09188,2026-08-20 00:54:29
tether,USDT,Tether USDt,0.99945,182986933571.19403,1012650092.2736762,2026-08-20 00:54:29
binance-coin,BNB,BNB,629.1477922454999,83779475022.76059,1006052206.4127436,2026-08-20 00:54:29
usd-coin,USDC,USDC,1.0005,72572752522.73376,4339595432.669232,2026-08-20 00:54:29
xrp,XRP,XRP,1.1085,69477386695.272,2255915564.5446105,2026-08-20 00:54:29
solana,SOL,Solana,85.15,49643008511.55328,3871481019.747631,2026-08-20 00:54:29
tron,TRX,TRON,0.3344294655,31740891390.57447,444678844.8678144,2026-08-20 00:54:29
steth,STETH,Lido Staked ETH,2263.17,21633177582.43567,14993754.499861652,2026-08-20 00:54:29
hyperliquid,HYPE,Hyperliquid,70.2,17719679452.97526,915144244.5518864,2026-08-20 00:54:29
bitcoin,BTC,Bitcoin,73628.72999999998,1477840379512.14,40200309436.47557,2026-08-21 00:58:16
ethereum,ETH,Ethereum,2336.9105057999996,282022425907.1196,17448552644.63918,2026-08-21 00:58:16
tether,USDT,Tether USDt,0.9997825011512,183065440850.4492,873632076.6344403,2026-08-21 00:58:16
binance-coin,BNB,BNB,656.61,87436350972.3636,1167841664.8185039,2026-08-21 00:58:16
xrp,XRP,XRP,1.2652,79298863010.2464,4701325714.344778,2026-08-21 00:58:16
usd-coin,USDC,USDC,1.0002,72828376803.69264,6079790824.124937,2026-08-21 00:58:16
solana,SOL,Solana,88.075,51353303329.832855,3408456867.03949,2026-08-21 00:58:16
tron,TRX,TRON,0.33809366864,32089137720.890163,616635712.9227201,2026-08-21 00:58:16
steth,STETH,Lido Staked ETH,2335.78,22391588928.723484,9815437.660114937,2026-08-21 00:58:16
hyperliquid,HYPE,Hyperliquid,73.39199999999998,18517792329.815334,880272971.0907459,2026-08-21 00:58:16
bitcoin,BTC,Bitcoin,77816.39999999998,1561893273295.2,49749776538.36986,2026-08-22 00:54:46
ethereum,ETH,Ethereum,2513.0,303273082052.50806,21152349575.47685,2026-08-22 00:54:46
tether,USDT,Tether USDt,0.99984,183075969192.4554,1071717546.5612906,2026-08-22 00:54:46
binance-coin,BNB,BNB,686.7,91443163706.05501,1509541504.8272192,2026-08-22 00:54:46
xrp,XRP,XRP,1.446962368,90788937319.63742,6204697750.22785,2026-08-22 00:54:46
usd-coin,USDC,USDC,1.00013,73465757560.94182,8034439433.083343,2026-08-22 00:54:46
solana,SOL,Solana,93.62,54597079753.06703,5443916481.195595,2026-08-22 00:54:46
tron,TRX,TRON,0.3438999999999999,32640625178.705486,590186180.1618297,2026-08-22 00:54:46
steth,STETH,Lido Staked ETH,2511.53,24054865817.37693,21331301.96954533,2026-08-22 00:54:46
hyperliquid,HYPE,Hyperliquid,75.40999999999998,19018293123.19776,1102626310.3868043,2026-08-22 00:54:46
bitcoin,BTC,Bitcoin,77329.83999999998,1552127275497.1199,24877416814.59631,2026-08-23 00:59:18
ethereum,ETH,Ethereum,2433.56714359,293686712267.6065,12652351856.849148,2026-08-23 00:59:18
tether,USDT,Tether USDt,0.9999,183212256986.1529,359156788.22162306,2026-08-23 00:59:18
xrp,XRP,XRP,1.513892792,94988453633.05183,8060326446.826789,2026-08-23 00:59:18
binance-coin,BNB,BNB,700.65,93300722469.71101,1632993351.0459783,2026-08-23 00:59:18
usd-coin,USDC,USDC,1.0001,73535864210.13156,5175315933.182371,2026-08-23 00:59:18
solana,SOL,Solana,96.505,56279460844.21864,6321805707.595744,2026-08-23 00:59:18
tron,TRX,TRON,0.34516,32760945292.79687,665973226.7843996,2026-08-23 00:59:18
steth,STETH,Lido Staked ETH,2430.42,23282641330.3692,9415601.284579523,2026-08-23 00:59:18
hyperliquid,HYPE,Hyperliquid,80.42,20275586716.792744,1063744426.8695813,2026-08-23 00:59:18
bitcoin,BTC,Bitcoin,77503.50999999998,1555613096028.18,22211126108.1168,2026-08-24 00:56:41
ethereum,ETH,Ethereum,2457.32,296553154429.9678,11167780211.509283,2026-08-24 00:56:41
tether,USDT,Tether USDt,0.99993,183217753903.55423,298070430.7269199,2026-08-24 00:56:41
xrp,XRP,XRP,1.4937,93721466897.4324,3710720050.53314,2026-08-24 00:56:41
binance-coin,BNB,BNB,702.89,93598944999.1551,834489059.3741584,2026-08-24 00:56:41
usd-coin,USDC,USDC,1.0,73568366435.2612,3177657114.717432,2026-08-24 00:56:41
solana,SOL,Solana,95.0958,55467155585.36199,3598705011.6402926,2026-08-24 00:56:41
tron,TRX,TRON,0.3432999999999999,32585080696.817207,394007376.23734784,2026-08-24 00:56:41
steth,STETH,Lido Staked ETH,2455.26181485447,23524652022.216805,6246618.525834859,2026-08-24 00:56:41
hyperliquid,HYPE,Hyperliquid,81.491,20541908326.727745,594964906.0939353,2026-08-24 00:56:41
bitcoin,BTC,Bitcoin,79808.3,1602126403077.2,39338993280.33953,2026-08-25 00:56:31
ethereum,ETH,Ethereum,2498.4786398,301520170302.7527,14129976192.774424,2026-08-25 00:56:31
tether,USDT,Tether USDt,0.999900009999,183212258818.2755,998959576.9331325,2026-08-25 00:56:31
xrp,XRP,XRP,1.5099452983589507,94740770099.13776,3833608696.5075216,2026-08-25 00:56:31
binance-coin,BNB,BNB,710.9905660000001,94677581183.45518,930974149.1424344,2026-08-25 00:56:31
usd-coin,USDC,USDC,1.0001044119887355,73698703865.65164,7708446858.404192,2026-08-25 00:56:31
solana,SOL,Solana,102.01096906,59500526231.694244,5492980228.154684,2026-08-25 00:56:31
tron,TRX,TRON,0.3457999999999999,32822817809.920063,459867265.6447991,2026-08-25 00:56:31
steth,STETH,Lido Staked ETH,2497.05,23934315169.98532,10497101.826808557,2026-08-25 00:56:31
hyperliquid,HYPE,Hyperliquid,79.626,20066159941.810795,659396839.4102644,2026-08-25 00:56:31
bitcoin,BTC,Bitcoin,78666.0,1579232693892.0,30382437972.207455,2026-08-26 00:57:39
ethereum,ETH,Ethereum,2448.71,295513512296.95605,10224262243.609188,2026-08-26 00:57:39
tether,USDT,Tether USDt,0.9999366705641036,183218976154.8842,770505469.7573521,2026-08-26 00:57:39
binance-coin,BNB,BNB,694.15,92434974890.452,821314546.2907522,2026-08-26 00:57:39
xrp,XRP,XRP,1.4334,89937973254.85678,2976724647.8650527,2026-08-26 00:57:39
usd-coin,USDC,USDC,1.00007,73577839213.17787,5736657758.7348175,2026-08-26 00:57:39
solana,SOL,Solana,96.79616298334776,56468522887.38796,4357811542.757077,2026-08-26 00:57:39
tron,TRX,TRON,0.3355249846,31847993442.430622,517840308.47291845,2026-08-26 00:57:39
steth,STETH,Lido Staked ETH,2448.240254,23559471654.96344,6739198.454454244,2026-08-26 00:57:39
hyperliquid,HYPE,Hyperliquid,80.67,20323521456.734383,701255629.7842504,2026-08-26 00:57:39
bitcoin,BTC,Bitcoin,78772.563615,1581419475582.2903,20496481478.21264,2026-08-27 06:48:12
ethereum,ETH,Ethereum,2488.95,300369590287.18567,8294027443.194086,2026-08-27 06:48:12
tether,USDT,Tether USDt,0.9999,183344680954.8729,807841680.1351627,2026-08-27 06:48:12
binance-coin,BNB,BNB,704.3,93786501259.122,723537850.356654,2026-08-27 06:48:12
xrp,XRP,XRP,1.4044,88118382614.1488,2468111861.8308125,2026-08-27 06:48:12
usd-coin,USDC,USDC,1.0001,73857453746.81253,5113457302.643341,2026-08-27 06:48:12
solana,SOL,Solana,101.275464,59151247579.75684,3468248326.4419937,2026-08-27 06:48:12
tron,TRX,TRON,0.3345,31751479274.611168,450265306.9644357,2026-08-27 06:48:12
steth,STETH,Lido Staked ETH,2486.0663057305246,23931442282.08293,5871698.650960768,2026-08-27 06:48:12
hyperliquid,HYPE,Hyperliquid,81.56,20542691717.420895,568098970.852993,2026-08-27 06:48:12
bitcoin,BTC,Bitcoin,79778.78,1601656737505.5,26557536088.694626,2026-08-28 08:36:14
ethereum,ETH,Ethereum,2497.11,301354246179.7207,9969124269.14515,2026-08-28 08:36:14
tether,USDT,Tether USDt,1.00002,183366684516.9437,979865664.6257374,2026-08-28 08:36:14
binance-coin,BNB,BNB,708.96,94406975279.33281,703192900.2192707,2026-08-28 08:36:14
xrp,XRP,XRP,1.4257,89454840567.49638,2371145827.732645,2026-08-28 08:36:14
usd-coin,USDC,USDC,0.9999,73730737793.02625,6780869038.858152,2026-08-28 08:36:14
solana,SOL,Solana,106.54,62225963711.32484,5218447101.0902605,2026-08-28 08:36:14
tron,TRX,TRON,0.339465,32223256054.214542,460418663.32468635,2026-08-28 08:36:14
steth,STETH,Lido Staked ETH,2497.0,24040057356.853447,10329785.93714084,2026-08-28 08:36:14
hyperliquid,HYPE,Hyperliquid,84.14,21187467445.088543,663332904.0510235,2026-08-28 08:36:14
bitcoin,BTC,Bitcoin,77708.22999999998,1560113398131.19,23447436199.400005,2026-08-29 05:15:09
ethereum,ETH,Ethereum,2441.8,294679368678.8496,9020562877.544184,2026-08-29 05:15:09
tether,USDT,Tether USDt,1.0,183411465211.7832,892564606.2866317,2026-08-29 05:15:09
binance-coin,BNB,BNB,690.84,91994028891.624,648642395.0008051,2026-08-29 05:15:09
xrp,XRP,XRP,1.3883,87108196086.0316,1978307381.408985,2026-08-29 05:15:09
usd-coin,USDC,USDC,1.0,74116017583.91988,5270817784.009744,2026-08-29 05:15:09
solana,SOL,Solana,104.117,60821192235.68751,4813723209.451655,2026-08-29 05:15:09
tron,TRX,TRON,0.340362573,32308727095.486607,474230866.6313815,2026-08-29 05:15:09
steth,STETH,Lido Staked ETH,2440.75,23497148263.298367,5385457.095134512,2026-08-29 05:15:09
hyperliquid,HYPE,Hyperliquid,81.95999999999998,20634160122.141697,614311296.5949053,2026-08-29 05:15:09
bitcoin,BTC,Bitcoin,78075.11,1567511719291.81,12386469753.332676,2026-08-30 03:08:02
ethereum,ETH,Ethereum,2454.79411861,296247430035.048,3600914841.6600604,2026-08-30 03:08:02
tether,USDT,Tether USDt,1.0,183411465211.7832,213950675.65920192,2026-08-30 03:08:02
binance-coin,BNB,BNB,694.13,92432093656.3105,427283668.96371293,2026-08-30 03:08:02
xrp,XRP,XRP,1.39239,87364821110.87628,849817912.6656241,2026-08-30 03:08:02
usd-coin,USDC,USDC,0.99996,74045997499.53716,2137284355.0536096,2026-08-30 03:08:02
solana,SOL,Solana,105.0485988,61365312436.77384,2026143591.1701808,2026-08-30 03:08:02
tron,TRX,TRON,0.3400226,32277077670.0732,274976752.5579961,2026-08-30 03:08:02
steth,STETH,Lido Staked ETH,2454.06356,23598401993.335964,1853172.4827943847,2026-08-30 03:08:02
hyperliquid,HYPE,Hyperliquid,82.964,20887513706.586266,356939737.19526726,2026-08-30 03:08:02
bitcoin,BTC,Bitcoin,77425.69999999998,1554513020661.7,16290062322.094988,2026-08-31 03:01:42
ethereum,ETH,Ethereum,2406.0577462,290365842176.54596,8226649355.879129,2026-08-31 03:01:42
tether,USDT,Tether USDt,0.9999,183393124065.262,413120058.47981507,2026-08-31 03:01:42
binance-coin,BNB,BNB,682.96548395,90945354635.88264,556437643.1447737,2026-08-31 03:01:42
xrp,XRP,XRP,1.344097132,84334709020.33328,1448827149.105247,2026-08-31 03:01:42
usd-coin,USDC,USDC,1.0001,73883586746.9162,2572852330.4224153,2026-08-31 03:01:42
solana,SOL,Solana,101.34,59296224344.54884,2837247373.908172,2026-08-31 03:01:42
tron,TRX,TRON,0.3358999999999999,31886466103.134144,340369572.7425875,2026-08-31 03:01:42
steth,STETH,Lido Staked ETH,2406.7,23150115748.545174,4822789.9139432255,2026-08-31 03:01:42
hyperliquid,HYPE,Hyperliquid,79.98999999999998,20137308184.475456,340939591.4850695,2026-08-31 03:01:42
bitcoin,BTC,Bitcoin,78473.39999999998,1575588375886.2,22874651696.633408,2026-09-01 03:08:45
ethereum,ETH,Ethereum,2466.0083685000004,297600584919.29504,7759903414.841651,2026-09-01 03:08:45
tether,USDT,Tether USDt,0.999796304379223,183341483871.69528,705587266.3330663,2026-09-01 03:08:45
binance-coin,BNB,BNB,692.7,92241573130.986,519185878.8310613,2026-09-01 03:08:45
xrp,XRP,XRP,1.3764,86361536478.2928,1362647762.3065803,2026-09-01 03:08:45
usd-coin,USDC,USDC,1.0002,73460591534.84413,6154678332.433342,2026-09-01 03:08:45
solana,SOL,Solana,103.380093068,60498781661.90373,2485992034.0358834,2026-09-01 03:08:45
tron,TRX,TRON,0.3321,31526142804.186455,410672769.1267586,2026-09-01 03:08:45
steth,STETH,Lido Staked ETH,2462.04,23788024835.038216,2647245.3916723416,2026-09-01 03:08:45
hyperliquid,HYPE,Hyperliquid,83.866,21108400815.713406,493855956.98529416,2026-09-01 03:08:45
bitcoin,BTC,Bitcoin,77211.89,1550295304406.17,22602224979.91953,2026-09-02 02:28:08
ethereum,ETH,Ethereum,2405.9198799673795,290345596489.47406,8780663062.538921,2026-09-02 02:28:08
tether,USDT,Tether USDt,0.9996400783571312,183313535073.10287,596806389.5007222,2026-09-02 02:28:08
binance-coin,BNB,BNB,684.44,91141599649.81,623035933.6930398,2026-09-02 02:28:08
xrp,XRP,XRP,1.3409,84134106556.04678,1624898333.5313485,2026-09-02 02:28:08
usd-coin,USDC,USDC,1.000316344825822,73672896039.95374,5353137230.791239,2026-09-02 02:28:08
solana,SOL,Solana,99.37,58151950699.005325,2873837162.245087,2026-09-02 02:28:08
tron,TRX,TRON,0.3220844999999999,30575694602.268093,573751450.0114434,2026-09-02 02:28:08
steth,STETH,Lido Staked ETH,2405.508802,23238716434.01059,3671146.152116548,2026-09-02 02:28:08
hyperliquid,HYPE,Hyperliquid,82.71899999999998,20816680183.232285,496389375.94880307,2026-09-02 02:28:08
bitcoin,BTC,Bitcoin,77682.00999999998,1559766591718.65,20232875520.182713,2026-09-03 02:34:37
ethereum,ETH,Ethereum,2401.070087,292959874658.81805,8737041301.60182,2026-09-03 02:34:37
tether,USDT,Tether USDt,0.9997630893800822,183340890067.65033,815749584.3959217,2026-09-03 02:34:37
binance-coin,BNB,BNB,692.9444400000001,92274022551.73955,547115390.0503902,2026-09-03 02:34:37
xrp,XRP,XRP,1.36786712,85826145147.73126,1776201604.3766413,2026-09-03 02:34:37
usd-coin,USDC,USDC,1.0002000072869734,73798549046.8334,3821267697.4980345,2026-09-03 02:34:37
solana,SOL,Solana,100.85,59025008789.60789,2537784613.13881,2026-09-03 02:34:37
tron,TRX,TRON,0.3252499999999999,30876582129.30256,355623608.67996126,2026-09-03 02:34:37
steth,STETH,Lido Staked ETH,2399.696053203735,23182240355.343277,3639688.681102505,2026-09-03 02:34:37
hyperliquid,HYPE,Hyperliquid,82.23999999999998,20693629820.459496,394860933.57230926,2026-09-03 02:34:37
